CUSTOMER_CODE,INVOICE_CODE,AMOUNT,DATE
1,10107,95.7,24-Feb-2003,
2,10121,81.35,07-May-2003,
3,10134,94.74,01-Jul-2003,
4,10145,83.26,25-Aug-2003,
5,10159,100,10-Oct-2003,
6,10168,96.66,28-Oct-2003,
7,10180,86.13,11-Nov-2003,
8,10188,100,18-Nov-2003,
9,10201,98.57,01-Dec-2003,
10,10211,100,15-Jan-2004,
11,10223,100,20-Feb-2004,
12,10237,100,05-Apr-2004,
13,10251,100,18-May-2004,
14,10263,100,28-Jun-2004,
15,10275,92.83,23-Jul-2004,
16,10285,100,27-Aug-2004,
17,10299,100,30-Sep-2004,
18,10309,100,15-Oct-2004,
19,10318,94.74,02-Nov-2004,
1,10329,100,15-Nov-2004,
20,10341,100,24-Nov-2004,
21,10361,72.55,17-Dec-2004,
15,10375,34.91,03-Feb-2005,
22,10388,76.36,03-Mar-2005,
23,10403,100,08-Apr-2005,
24,10417,100,13-May-2005,
18,10103,100,29-Jan-2003,
25,10112,100,24-Mar-2003,
26,10126,100,28-May-2003,
6,10140,100,24-Jul-2003,
27,10150,100,19-Sep-2003,
28,10163,100,20-Oct-2003,
29,10174,100,06-Nov-2003,
30,10183,100,13-Nov-2003,
31,10194,100,25-Nov-2003,
32,10206,100,05-Dec-2003,
33,10215,100,29-Jan-2004,
34,10228,100,10-Mar-2004,
35,10245,100,04-May-2004,
36,10258,100,15-Jun-2004,
21,10270,100,19-Jul-2004,
37,10280,100,17-Aug-2004,
38,10291,100,08-Sep-2004,
39,10304,100,11-Oct-2004,
40,10312,100,21-Oct-2004,
41,10322,100,04-Nov-2004,
9,10333,100,18-Nov-2004,
11,10347,100,29-Nov-2004,
40,10357,100,10-Dec-2004,
42,10369,100,20-Jan-2005,
5,10381,100,17-Feb-2005,
43,10391,100,09-Mar-2005,
44,10411,100,01-May-2005,
24,10424,100,31-May-2005,
1,10107,99.91,24-Feb-2003,
11,10120,96.34,29-Apr-2003,
3,10134,100,01-Jul-2003,
4,10145,100,25-Aug-2003,
5,10159,100,10-Oct-2003,
6,10168,100,28-Oct-2003,
7,10180,100,11-Nov-2003,
8,10188,96.34,18-Nov-2003,
9,10201,100,01-Dec-2003,
45,10210,100,12-Jan-2004,
11,10223,100,20-Feb-2004,
46,10236,100,03-Apr-2004,
13,10251,100,18-May-2004,
14,10263,100,28-Jun-2004,
15,10275,100,23-Jul-2004,
16,10285,100,27-Aug-2004,
47,10298,96.34,27-Sep-2004,
48,10308,100,15-Oct-2004,
19,10318,100,02-Nov-2004,
1,10329,100,15-Nov-2004,
36,10339,68.92,23-Nov-2004,
21,10361,51.15,17-Dec-2004,
29,10374,100,02-Feb-2005,
22,10388,44.51,03-Mar-2005,
10,10402,100,07-Apr-2005,
24,10417,100,13-May-2005,
1,10107,100,24-Feb-2003,
11,10120,100,29-Apr-2003,
3,10134,100,01-Jul-2003,
4,10145,100,25-Aug-2003,
5,10159,100,10-Oct-2003,
6,10168,100,28-Oct-2003,
7,10180,100,11-Nov-2003,
8,10188,100,18-Nov-2003,
9,10201,100,01-Dec-2003,
45,10210,100,12-Jan-2004,
11,10223,100,20-Feb-2004,
12,10237,100,05-Apr-2004,
13,10251,100,18-May-2004,
14,10263,100,28-Jun-2004,
15,10275,100,23-Jul-2004,
16,10285,100,27-Aug-2004,
17,10299,100,30-Sep-2004,
48,10308,100,15-Oct-2004,
19,10318,100,02-Nov-2004,
1,10329,100,15-Nov-2004,
36,10339,76.67,23-Nov-2004,
6,10362,100,05-Jan-2005,
29,10374,100,02-Feb-2005,
22,10388,86.77,03-Mar-2005,
23,10403,100,08-Apr-2005,
24,10417,100,13-May-2005,
49,10105,100,11-Feb-2003,
20,10119,100,28-Apr-2003,
50,10129,100,12-Jun-2003,
51,10143,100,10-Aug-2003,
17,10155,100,06-Oct-2003,
38,10167,100,23-Oct-2003,
52,10178,100,08-Nov-2003,
53,10186,100,14-Nov-2003,
54,10197,100,26-Nov-2003,
55,10209,100,09-Jan-2004,
56,10222,100,19-Feb-2004,
1,10248,100,07-May-2004,
44,10261,100,17-Jun-2004,
57,10273,100,21-Jul-2004,
58,10283,100,20-Aug-2004,
59,10295,100,10-Sep-2004,
30,10307,100,14-Oct-2004,
60,10316,100,01-Nov-2004,
18,10325,64.93,05-Nov-2004,
28,10337,48.05,21-Nov-2004,
24,10350,75.47,02-Dec-2004,
2,10359,54.68,15-Dec-2004,
61,10373,100,31-Jan-2005,
5,10384,100,23-Feb-2005,
3,10395,100,17-Mar-2005,
62,10400,100,01-Apr-2005,
59,10414,100,06-May-2005,
18,10103,100,29-Jan-2003,
63,10114,100,01-Apr-2003,
26,10126,100,28-May-2003,
6,10140,100,24-Jul-2003,
27,10150,100,19-Sep-2003,
64,10164,100,21-Oct-2003,
50,10175,100,06-Nov-2003,
30,10183,100,13-Nov-2003,
31,10194,100,25-Nov-2003,
65,10207,100,09-Dec-2003,
66,10217,100,04-Feb-2004,
40,10229,100,11-Mar-2004,
35,10245,100,04-May-2004,
66,10259,100,15-Jun-2004,
21,10270,100,19-Jul-2004,
19,10281,100,19-Aug-2004,
38,10291,100,08-Sep-2004,
16,10305,100,13-Oct-2004,
32,10313,100,22-Oct-2004,
41,10322,61.99,04-Nov-2004,
25,10334,100,19-Nov-2004,
11,10347,100,29-Nov-2004,
40,10357,100,10-Dec-2004,
43,10370,65.63,20-Jan-2005,
5,10381,100,17-Feb-2005,
43,10391,46.9,09-Mar-2005,
44,10411,100,01-May-2005,
15,10425,100,31-May-2005,
67,10108,100,03-Mar-2003,
68,10122,100,08-May-2003,
40,10135,100,02-Jul-2003,
42,10147,100,05-Sep-2003,
5,10159,100,10-Oct-2003,
43,10169,100,04-Nov-2003,
8,10181,100,12-Nov-2003,
69,10191,100,20-Nov-2003,
24,10203,100,02-Dec-2003,
10,10211,100,15-Jan-2004,
70,10225,100,22-Feb-2004,
49,10238,100,09-Apr-2004,
23,10253,100,01-Jun-2004,
71,10266,100,06-Jul-2004,
72,10276,100,02-Aug-2004,
70,10287,100,30-Aug-2004,
73,10300,100,04-Oct-2003,
69,10310,100,16-Oct-2004,
25,10320,100,03-Nov-2004,
1,10329,71.47,15-Nov-2004,
20,10341,79.65,24-Nov-2004,
74,10363,85.39,06-Jan-2005,
15,10375,76,03-Feb-2005,
38,10389,99.04,03-Mar-2005,
20,10419,100,17-May-2005,
49,10105,100,11-Feb-2003,
27,10117,100,16-Apr-2003,
75,10127,100,03-Jun-2003,
40,10142,100,08-Aug-2003,
24,10153,100,28-Sep-2003,
27,10165,100,22-Oct-2003,
71,10176,100,06-Nov-2003,
51,10185,100,14-Nov-2003,
35,10196,100,26-Nov-2003,
31,10208,100,02-Jan-2004,
76,10220,100,12-Feb-2004,
77,10231,100,19-Mar-2004,
74,10247,100,05-May-2004,
19,10272,100,20-Jul-2004,
40,10282,100,20-Aug-2004,
37,10293,100,09-Sep-2004,
78,10306,100,14-Oct-2004,
79,10314,100,22-Oct-2004,
18,10325,64,05-Nov-2004,
63,10336,57.22,20-Nov-2004,
26,10348,52.36,01-Nov-2004,
2,10359,100,15-Dec-2004,
40,10371,100,23-Jan-2005,
40,10382,100,17-Feb-2005,
3,10395,69.12,17-Mar-2005,
14,10413,100,05-May-2005,
18,10103,100,29-Jan-2003,
40,10113,100,26-Mar-2003,
26,10126,100,28-May-2003,
6,10140,100,24-Jul-2003,
27,10150,100,19-Sep-2003,
64,10164,100,21-Oct-2003,
29,10174,100,06-Nov-2003,
30,10183,100,13-Nov-2003,
31,10194,100,25-Nov-2003,
32,10206,100,05-Dec-2003,
39,10216,100,02-Feb-2004,
40,10229,100,11-Mar-2004,
35,10245,100,04-May-2004,
36,10258,100,15-Jun-2004,
21,10270,100,19-Jul-2004,
19,10281,100,19-Aug-2004,
38,10291,100,08-Sep-2004,
39,10304,100,11-Oct-2004,
32,10313,100,22-Oct-2004,
41,10322,100,04-Nov-2004,
9,10333,99.21,18-Nov-2004,
11,10347,100,29-Nov-2004,
40,10357,100,10-Dec-2004,
43,10370,100,20-Jan-2005,
5,10381,100,17-Feb-2005,
43,10391,63.2,09-Mar-2005,
44,10411,100,01-May-2005,
24,10424,100,31-May-2005,
1,10107,100,24-Feb-2003,
2,10121,100,07-May-2003,
3,10134,100,01-Jul-2003,
4,10145,100,25-Aug-2003,
5,10159,100,10-Oct-2003,
43,10169,100,04-Nov-2003,
7,10180,100,11-Nov-2003,
4,10189,100,18-Nov-2003,
9,10201,100,01-Dec-2003,
10,10211,100,15-Jan-2004,
7,10224,100,21-Feb-2004,
12,10237,100,05-Apr-2004,
13,10251,100,18-May-2004,
14,10263,100,28-Jun-2004,
72,10276,100,02-Aug-2004,
16,10285,100,27-Aug-2004,
17,10299,100,30-Sep-2004,
18,10309,100,15-Oct-2004,
80,10319,100,03-Nov-2004,
1,10329,100,15-Nov-2004,
20,10341,100,24-Nov-2004,
6,10362,100,05-Jan-2005,
15,10375,78.92,03-Feb-2005,
22,10388,100,03-Mar-2005,
23,10403,100,08-Apr-2005,
24,10417,100,13-May-2005,
24,10104,100,31-Jan-2003,
27,10117,100,16-Apr-2003,
75,10127,100,03-Jun-2003,
40,10142,100,08-Aug-2003,
24,10153,100,28-Sep-2003,
27,10165,100,22-Oct-2003,
71,10176,100,06-Nov-2003,
51,10185,100,14-Nov-2003,
35,10196,100,26-Nov-2003,
31,10208,100,02-Jan-2004,
76,10220,100,12-Feb-2004,
73,10230,100,15-Mar-2004,
74,10247,100,05-May-2004,
19,10272,100,20-Jul-2004,
40,10282,100,20-Aug-2004,
37,10293,100,09-Sep-2004,
78,10306,100,14-Oct-2004,
79,10314,100,22-Oct-2004,
12,10324,54.33,05-Nov-2004,
63,10336,100,20-Nov-2004,
26,10348,100,01-Nov-2004,
24,10358,55.34,10-Dec-2004,
36,10372,100,26-Jan-2005,
40,10382,100,17-Feb-2005,
14,10413,100,05-May-2005,
67,10108,100,03-Mar-2003,
68,10122,99.82,08-May-2003,
40,10135,100,02-Jul-2003,
42,10147,100,05-Sep-2003,
55,10160,100,11-Oct-2003,
64,10170,100,04-Nov-2003,
8,10181,100,12-Nov-2003,
69,10191,100,20-Nov-2003,
24,10203,100,02-Dec-2003,
24,10212,100,16-Jan-2004,
70,10225,99.82,22-Feb-2004,
49,10238,100,09-Apr-2004,
23,10253,100,01-Jun-2004,
71,10266,100,06-Jul-2004,
72,10276,100,02-Aug-2004,
70,10287,100,30-Aug-2004,
73,10300,100,04-Oct-2003,
69,10310,100,16-Oct-2004,
25,10320,100,03-Nov-2004,
1,10329,83.63,15-Nov-2004,
20,10341,95.93,24-Nov-2004,
74,10363,96.73,06-Jan-2005,
81,10376,100,08-Feb-2005,
38,10389,72.38,03-Mar-2005,
20,10419,100,17-May-2005,
49,10105,100,11-Feb-2003,
27,10117,100,16-Apr-2003,
75,10127,100,03-Jun-2003,
40,10142,100,08-Aug-2003,
24,10153,100,28-Sep-2003,
27,10165,100,22-Oct-2003,
71,10176,100,06-Nov-2003,
51,10185,100,14-Nov-2003,
35,10196,100,26-Nov-2003,
31,10208,100,02-Jan-2004,
76,10220,100,12-Feb-2004,
77,10231,100,19-Mar-2004,
74,10247,100,05-May-2004,
19,10272,100,20-Jul-2004,
40,10282,100,20-Aug-2004,
37,10293,100,09-Sep-2004,
78,10306,100,14-Oct-2004,
79,10314,100,22-Oct-2004,
18,10325,100,05-Nov-2004,
63,10336,63.38,20-Nov-2004,
75,10349,100,01-Dec-2004,
2,10359,62.09,15-Dec-2004,
36,10372,100,26-Jan-2005,
40,10382,95.35,17-Feb-2005,
40,10396,100,23-Mar-2005,
14,10413,100,05-May-2005,
67,10108,89.38,03-Mar-2003,
68,10122,63.84,08-May-2003,
40,10135,75.01,02-Jul-2003,
42,10147,63.84,05-Sep-2003,
5,10159,73.42,10-Oct-2003,
43,10169,63.84,04-Nov-2003,
8,10181,81.4,12-Nov-2003,
69,10191,64.64,20-Nov-2003,
24,10203,82.99,02-Dec-2003,
10,10211,92.57,15-Jan-2004,
70,10225,77.41,22-Feb-2004,
49,10238,74.21,09-Apr-2004,
23,10253,90.17,01-Jun-2004,
71,10266,76.61,06-Jul-2004,
72,10276,83.79,02-Aug-2004,
70,10287,69.43,30-Aug-2004,
73,10300,76.61,04-Oct-2003,
69,10310,81.4,16-Oct-2004,
25,10320,73.42,03-Nov-2004,
1,10329,100,15-Nov-2004,
20,10341,93.56,24-Nov-2004,
74,10363,81.62,06-Jan-2005,
17,10377,67.83,09-Feb-2005,
38,10389,70.26,03-Mar-2005,
20,10419,90.17,17-May-2005,
24,10104,100,31-Jan-2003,
28,10115,100,04-Apr-2003,
75,10127,100,03-Jun-2003,
74,10141,100,01-Aug-2003,
61,10151,100,21-Sep-2003,
27,10165,100,22-Oct-2003,
50,10175,100,06-Nov-2003,
82,10184,100,14-Nov-2003,
48,10195,100,25-Nov-2003,
65,10207,99.54,09-Dec-2003,
83,10219,100,10-Feb-2004,
40,10229,100,11-Mar-2004,
24,10246,100,05-May-2004,
66,10259,100,15-Jun-2004,
40,10271,97.17,20-Jul-2004,
19,10281,100,19-Aug-2004,
1,10292,100,08-Sep-2004,
16,10305,100,13-Oct-2004,
79,10314,100,22-Oct-2004,
12,10324,58.38,05-Nov-2004,
63,10336,100,20-Nov-2004,
75,10349,100,01-Dec-2004,
24,10358,64.16,10-Dec-2004,
40,10371,35.71,23-Jan-2005,
40,10382,66.58,17-Feb-2005,
24,10412,100,03-May-2005,
15,10425,100,31-May-2005,
67,10108,100,03-Mar-2003,
68,10122,100,08-May-2003,
40,10135,97.89,02-Jul-2003,
42,10147,97.89,05-Sep-2003,
55,10160,100,11-Oct-2003,
64,10170,100,04-Nov-2003,
8,10181,100,12-Nov-2003,
41,10192,100,20-Nov-2003,
24,10203,100,02-Dec-2003,
24,10212,100,16-Jan-2004,
70,10225,100,22-Feb-2004,
61,10239,93.28,12-Apr-2004,
23,10253,100,01-Jun-2004,
71,10266,100,06-Jul-2004,
27,10277,100,04-Aug-2004,
70,10287,100,30-Aug-2004,
73,10300,100,04-Oct-2003,
69,10310,100,16-Oct-2004,
22,10321,100,04-Nov-2004,
1,10329,64.74,15-Nov-2004,
20,10341,75.2,24-Nov-2004,
74,10363,88.45,06-Jan-2005,
17,10377,100,09-Feb-2005,
38,10389,100,03-Mar-2005,
84,10405,93.28,14-Apr-2005,
20,10419,100,17-May-2005,
18,10103,100,29-Jan-2003,
40,10113,100,26-Mar-2003,
26,10126,100,28-May-2003,
6,10140,100,24-Jul-2003,
27,10150,100,19-Sep-2003,
64,10164,99.17,21-Oct-2003,
29,10174,93.34,06-Nov-2003,
30,10183,96.84,13-Nov-2003,
31,10194,93.34,25-Nov-2003,
32,10206,100,05-Dec-2003,
33,10215,100,29-Jan-2004,
34,10228,100,10-Mar-2004,
35,10245,100,04-May-2004,
36,10258,100,15-Jun-2004,
21,10270,96.84,19-Jul-2004,
37,10280,100,17-Aug-2004,
38,10291,100,08-Sep-2004,
39,10304,98,11-Oct-2004,
40,10312,100,21-Oct-2004,
41,10322,100,04-Nov-2004,
9,10333,40.25,18-Nov-2004,
11,10347,49.6,29-Nov-2004,
40,10357,98,10-Dec-2004,
43,10370,100,20-Jan-2005,
5,10381,98,17-Feb-2005,
43,10391,85.1,09-Mar-2005,
44,10411,100,01-May-2005,
24,10424,100,31-May-2005,
46,10109,100,10-Mar-2003,
68,10122,100,08-May-2003,
52,10136,100,04-Jul-2003,
43,10148,100,11-Sep-2003,
79,10161,100,17-Oct-2003,
44,10171,100,05-Nov-2003,
8,10181,100,12-Nov-2003,
41,10192,100,20-Nov-2003,
75,10204,100,02-Dec-2003,
24,10212,100,16-Jan-2004,
70,10225,100,22-Feb-2004,
45,10240,100,13-Apr-2004,
23,10253,100,01-Jun-2004,
71,10266,100,06-Jul-2004,
85,10278,100,06-Aug-2004,
70,10287,100,30-Aug-2004,
86,10301,100,05-Oct-2003,
69,10310,100,16-Oct-2004,
22,10321,100,04-Nov-2004,
46,10331,100,17-Nov-2004,
11,10342,100,24-Nov-2004,
3,10356,97.6,09-Dec-2004,
51,10365,87.06,07-Jan-2005,
17,10377,100,09-Feb-2005,
40,10390,93.77,04-Mar-2005,
49,10406,100,15-Apr-2005,
20,10419,100,17-May-2005,
12,10102,100,10-Jan-2003,
9,10111,99.66,25-Mar-2003,
11,10125,100,21-May-2003,
21,10139,100,16-Jul-2003,
83,10149,100,12-Sep-2003,
5,10162,91.44,18-Oct-2003,
87,10173,100,05-Nov-2003,
40,10182,87.33,12-Nov-2003,
88,10193,100,21-Nov-2003,
24,10205,100,03-Dec-2003,
33,10215,89.38,29-Jan-2004,
31,10227,100,02-Mar-2004,
24,10244,100,29-Apr-2004,
49,10256,95.55,08-Jun-2004,
37,10280,100,17-Aug-2004,
8,10289,100,03-Sep-2004,
39,10304,95.55,11-Oct-2004,
40,10312,89.38,21-Oct-2004,
41,10322,86.3,04-Nov-2004,
78,10332,95.13,17-Nov-2004,
85,10346,36.11,29-Nov-2004,
3,10356,50.18,09-Dec-2004,
42,10369,100,20-Jan-2005,
24,10380,93.16,16-Feb-2005,
43,10391,100,09-Mar-2005,
19,10422,95.55,30-May-2005,
12,10102,50.14,10-Jan-2003,
9,10111,49.06,25-Mar-2003,
26,10126,54.99,28-May-2003,
21,10139,43.13,16-Jul-2003,
83,10149,58.22,12-Sep-2003,
5,10162,51.21,18-Oct-2003,
87,10173,44.21,05-Nov-2003,
40,10182,54.45,12-Nov-2003,
88,10193,53.37,21-Nov-2003,
24,10205,63.61,03-Dec-2003,
33,10215,43.13,29-Jan-2004,
31,10227,48.52,02-Mar-2004,
24,10244,58.22,29-Apr-2004,
49,10256,51.75,08-Jun-2004,
37,10280,57.68,17-Aug-2004,
8,10289,56.07,03-Sep-2004,
39,10304,48.52,11-Oct-2004,
40,10312,44.21,21-Oct-2004,
41,10322,57.68,04-Nov-2004,
78,10332,89.89,17-Nov-2004,
11,10347,58.95,29-Nov-2004,
3,10356,72.41,09-Dec-2004,
42,10369,98.63,20-Jan-2005,
5,10381,52.83,17-Feb-2005,
43,10391,100,09-Mar-2005,
19,10422,51.75,30-May-2005,
78,10110,100,18-Mar-2003,
47,10123,100,20-May-2003,
2,10137,99.55,10-Jul-2003,
43,10148,100,11-Sep-2003,
79,10161,100,17-Oct-2003,
14,10172,100,05-Nov-2003,
8,10181,100,12-Nov-2003,
41,10192,100,20-Nov-2003,
75,10204,100,02-Dec-2003,
24,10212,100,16-Jan-2004,
56,10226,100,26-Feb-2004,
84,10241,100,13-Apr-2004,
23,10253,100,01-Jun-2004,
71,10266,100,06-Jul-2004,
85,10278,100,06-Aug-2004,
66,10288,100,01-Sep-2004,
86,10301,100,05-Oct-2003,
24,10311,100,16-Oct-2004,
22,10321,100,04-Nov-2004,
46,10331,100,17-Nov-2004,
2,10343,100,24-Nov-2004,
4,10367,56.3,12-Jan-2005,
24,10378,42.64,10-Feb-2005,
62,10407,100,22-Apr-2005,
20,10419,100,17-May-2005,
87,10106,100,17-Feb-2003,
20,10119,100,28-Apr-2003,
89,10131,100,16-Jun-2003,
51,10143,100,10-Aug-2003,
17,10155,100,06-Oct-2003,
38,10167,100,23-Oct-2003,
52,10178,100,08-Nov-2003,
53,10186,100,14-Nov-2003,
67,10198,100,27-Nov-2003,
45,10210,100,12-Jan-2004,
56,10222,100,19-Feb-2004,
62,10250,100,11-May-2004,
24,10262,100,24-Jun-2004,
42,10274,100,21-Jul-2004,
86,10284,100,21-Aug-2004,
90,10296,100,15-Sep-2004,
30,10307,100,14-Oct-2004,
60,10316,100,01-Nov-2004,
49,10327,100,10-Nov-2004,
91,10338,100,22-Nov-2004,
50,10351,99.52,03-Dec-2004,
61,10373,57.55,31-Jan-2005,
24,10386,54.57,01-Mar-2005,
2,10398,100,30-Mar-2005,
62,10400,100,01-Apr-2005,
71,10416,100,10-May-2005,
41,10100,100,06-Jan-2003,
78,10110,100,18-Mar-2003,
85,10124,100,21-May-2003,
83,10149,100,12-Sep-2003,
5,10162,100,18-Oct-2003,
87,10173,100,05-Nov-2003,
40,10182,100,12-Nov-2003,
88,10193,100,21-Nov-2003,
75,10204,100,02-Dec-2003,
26,10214,100,26-Jan-2004,
31,10227,100,02-Mar-2004,
84,10241,100,13-Apr-2004,
37,10280,100,17-Aug-2004,
66,10288,100,01-Sep-2004,
23,10302,100,06-Oct-2003,
40,10312,100,21-Oct-2004,
46,10331,74.04,17-Nov-2004,
68,10344,100,25-Nov-2004,
4,10367,100,12-Jan-2005,
24,10379,100,10-Feb-2005,
62,10407,100,22-Apr-2005,
21,10420,100,29-May-2005,
67,10108,82.39,03-Mar-2003,
68,10122,72.38,08-May-2003,
40,10135,79.31,02-Jul-2003,
42,10147,82.39,05-Sep-2003,
55,10160,88.55,11-Oct-2003,
64,10170,63.14,04-Nov-2003,
8,10181,73.92,12-Nov-2003,
41,10192,90.86,20-Nov-2003,
24,10203,85.47,02-Dec-2003,
24,10212,66.99,16-Jan-2004,
70,10225,64.68,22-Feb-2004,
61,10239,73.92,12-Apr-2004,
23,10253,83.93,01-Jun-2004,
71,10266,74.69,06-Jul-2004,
85,10278,90.86,06-Aug-2004,
70,10287,82.39,30-Aug-2004,
73,10300,92.4,04-Oct-2003,
69,10310,91.63,16-Oct-2004,
22,10321,78.54,04-Nov-2004,
1,10329,100,15-Nov-2004,
11,10342,65.45,24-Nov-2004,
74,10363,100,06-Jan-2005,
17,10377,67.76,09-Feb-2005,
38,10389,79.22,03-Mar-2005,
84,10405,73.92,14-Apr-2005,
20,10419,83.93,17-May-2005,
46,10109,100,10-Mar-2003,
68,10122,100,08-May-2003,
52,10136,100,04-Jul-2003,
43,10148,100,11-Sep-2003,
79,10161,100,17-Oct-2003,
44,10171,100,05-Nov-2003,
8,10181,100,12-Nov-2003,
41,10192,100,20-Nov-2003,
75,10204,100,02-Dec-2003,
24,10212,100,16-Jan-2004,
56,10226,100,26-Feb-2004,
45,10240,100,13-Apr-2004,
23,10253,100,01-Jun-2004,
71,10266,100,06-Jul-2004,
85,10278,100,06-Aug-2004,
70,10287,100,30-Aug-2004,
86,10301,100,05-Oct-2003,
69,10310,100,16-Oct-2004,
22,10321,100,04-Nov-2004,
46,10331,32.47,17-Nov-2004,
11,10342,100,24-Nov-2004,
3,10356,64.69,09-Dec-2004,
91,10366,100,10-Jan-2005,
17,10377,100,09-Feb-2005,
40,10390,43.05,04-Mar-2005,
49,10406,100,15-Apr-2005,
20,10419,100,17-May-2005,
24,10104,100,31-Jan-2003,
28,10115,100,04-Apr-2003,
75,10127,100,03-Jun-2003,
74,10141,100,01-Aug-2003,
61,10151,100,21-Sep-2003,
27,10165,100,22-Oct-2003,
71,10176,100,06-Nov-2003,
82,10184,100,14-Nov-2003,
48,10195,100,25-Nov-2003,
65,10207,100,09-Dec-2003,
83,10219,100,10-Feb-2004,
73,10230,100,15-Mar-2004,
24,10246,100,05-May-2004,
66,10259,100,15-Jun-2004,
40,10271,100,20-Jul-2004,
40,10282,100,20-Aug-2004,
1,10292,100,08-Sep-2004,
16,10305,100,13-Oct-2004,
79,10314,100,22-Oct-2004,
12,10324,100,05-Nov-2004,
63,10336,100,20-Nov-2004,
75,10349,100,01-Dec-2004,
24,10358,100,10-Dec-2004,
40,10371,100,23-Jan-2005,
40,10382,88,17-Feb-2005,
24,10412,100,03-May-2005,
15,10425,100,31-May-2005,
41,10100,67.8,06-Jan-2003,
78,10110,50.25,18-Mar-2003,
85,10124,53.88,21-May-2003,
83,10149,62.36,12-Sep-2003,
5,10162,69.62,18-Oct-2003,
87,10173,57.51,05-Nov-2003,
40,10182,61.15,12-Nov-2003,
88,10193,59.33,21-Nov-2003,
75,10204,71.44,02-Dec-2003,
26,10214,62.96,26-Jan-2004,
31,10227,50.85,02-Mar-2004,
84,10241,72.65,13-Apr-2004,
37,10280,62.96,17-Aug-2004,
66,10288,61.75,01-Sep-2004,
82,10303,49.04,06-Oct-2004,
40,10312,61.15,21-Oct-2004,
78,10332,84.25,17-Nov-2004,
68,10344,56.91,25-Nov-2004,
4,10367,100,12-Jan-2005,
24,10379,49.3,10-Feb-2005,
62,10407,72.65,22-Apr-2005,
21,10420,63.57,29-May-2005,
24,10104,100,31-Jan-2003,
63,10114,100,01-Apr-2003,
75,10127,100,03-Jun-2003,
74,10141,100,01-Aug-2003,
61,10151,100,21-Sep-2003,
27,10165,100,22-Oct-2003,
50,10175,100,06-Nov-2003,
82,10184,100,14-Nov-2003,
48,10195,100,25-Nov-2003,
65,10207,100,09-Dec-2003,
40,10229,100,11-Mar-2004,
24,10246,98.18,05-May-2004,
66,10259,99.41,15-Jun-2004,
40,10271,100,20-Jul-2004,
19,10281,100,19-Aug-2004,
1,10292,100,08-Sep-2004,
16,10305,100,13-Oct-2004,
32,10313,100,22-Oct-2004,
12,10324,37.48,05-Nov-2004,
25,10334,100,19-Nov-2004,
75,10349,100,01-Dec-2004,
24,10358,36.42,10-Dec-2004,
43,10370,100,20-Jan-2005,
24,10383,100,22-Feb-2005,
24,10412,98.18,03-May-2005,
15,10425,99.41,31-May-2005,
73,10101,100,09-Jan-2003,
78,10110,100,18-Mar-2003,
85,10124,100,21-May-2003,
83,10149,100,12-Sep-2003,
5,10162,100,18-Oct-2003,
87,10173,100,05-Nov-2003,
40,10182,100,12-Nov-2003,
88,10193,100,21-Nov-2003,
75,10204,100,02-Dec-2003,
26,10214,100,26-Jan-2004,
31,10227,100,02-Mar-2004,
65,10243,100,26-Apr-2004,
37,10280,100,17-Aug-2004,
66,10288,100,01-Sep-2004,
39,10304,100,11-Oct-2004,
40,10312,100,21-Oct-2004,
41,10322,100,04-Nov-2004,
78,10332,64.69,17-Nov-2004,
68,10344,100,25-Nov-2004,
3,10356,100,09-Dec-2004,
4,10367,100,12-Jan-2005,
24,10380,100,16-Feb-2005,
40,10390,98.99,04-Mar-2005,
66,10409,100,23-Apr-2005,
21,10420,100,29-May-2005,
18,10103,54.09,29-Jan-2003,
63,10114,68.67,01-Apr-2003,
26,10126,65.02,28-May-2003,
6,10140,61.99,24-Jul-2003,
61,10151,69.28,21-Sep-2003,
27,10165,71.1,22-Oct-2003,
50,10175,69.28,06-Nov-2003,
82,10184,60.16,14-Nov-2003,
31,10194,70.49,25-Nov-2003,
65,10207,69.89,09-Dec-2003,
66,10217,61.38,04-Feb-2004,
40,10229,59.55,11-Mar-2004,
24,10246,61.99,05-May-2004,
66,10259,49.22,15-Jun-2004,
40,10271,69.28,20-Jul-2004,
19,10281,57.73,19-Aug-2004,
38,10291,57.73,08-Sep-2004,
16,10305,53.48,13-Oct-2004,
32,10313,52.87,22-Oct-2004,
41,10322,61.21,04-Nov-2004,
25,10334,61.38,19-Nov-2004,
11,10347,100,29-Nov-2004,
40,10357,61.99,10-Dec-2004,
43,10370,96.86,20-Jan-2005,
5,10381,48.62,17-Feb-2005,
43,10391,38.5,09-Mar-2005,
24,10412,61.99,03-May-2005,
15,10425,49.22,31-May-2005,
87,10106,90.39,17-Feb-2003,
11,10120,71.81,29-Apr-2003,
24,10133,69.27,27-Jun-2003,
4,10145,85.32,25-Aug-2003,
6,10168,70.96,28-Oct-2003,
45,10210,76.88,12-Jan-2004,
11,10223,100,20-Feb-2004,
58,10235,76.03,02-Apr-2004,
62,10250,98.84,11-May-2004,
14,10263,86.17,28-Jun-2004,
15,10275,90.39,23-Jul-2004,
86,10284,71.81,21-Aug-2004,
76,10297,82.79,16-Sep-2004,
48,10308,82.79,15-Oct-2004,
19,10318,100,02-Nov-2004,
49,10327,100,10-Nov-2004,
36,10339,100,23-Nov-2004,
89,10353,100,04-Dec-2004,
29,10374,69.27,02-Feb-2005,
24,10386,74.77,01-Mar-2005,
2,10398,76.88,30-Mar-2005,
13,10401,76.03,03-Apr-2005,
71,10416,98.84,10-May-2005,
1,10107,70.87,24-Feb-2003,
11,10120,58.15,29-Apr-2003,
3,10134,61.78,01-Jul-2003,
4,10145,49.67,25-Aug-2003,
5,10159,51.48,10-Oct-2003,
6,10168,61.18,28-Oct-2003,
7,10180,64.2,11-Nov-2003,
8,10188,65.42,18-Nov-2003,
9,10201,64.81,01-Dec-2003,
45,10210,49.67,12-Jan-2004,
11,10223,60.57,20-Feb-2004,
46,10236,55.72,03-Apr-2004,
13,10251,61.18,18-May-2004,
14,10263,58.75,28-Jun-2004,
15,10275,63.6,23-Jul-2004,
16,10285,49.06,27-Aug-2004,
47,10298,48.46,27-Sep-2004,
48,10308,52.09,15-Oct-2004,
19,10318,52.7,02-Nov-2004,
1,10329,100,15-Nov-2004,
36,10339,62.16,23-Nov-2004,
6,10362,49.67,05-Jan-2005,
29,10374,53.3,02-Feb-2005,
38,10389,100,03-Mar-2005,
10,10402,55.72,07-Apr-2005,
24,10417,61.18,13-May-2005,
73,10101,100,09-Jan-2003,
78,10110,100,18-Mar-2003,
11,10125,100,21-May-2003,
21,10139,100,16-Jul-2003,
83,10149,100,12-Sep-2003,
5,10162,100,18-Oct-2003,
87,10173,100,05-Nov-2003,
40,10182,100,12-Nov-2003,
88,10193,100,21-Nov-2003,
24,10205,100,03-Dec-2003,
26,10214,100,26-Jan-2004,
31,10227,100,02-Mar-2004,
24,10244,100,29-Apr-2004,
84,10255,100,04-Jun-2004,
37,10280,100,17-Aug-2004,
8,10289,100,03-Sep-2004,
39,10304,100,11-Oct-2004,
40,10312,100,21-Oct-2004,
41,10322,100,04-Nov-2004,
78,10332,52.67,17-Nov-2004,
11,10347,100,29-Nov-2004,
3,10356,100,09-Dec-2004,
4,10367,94.79,12-Jan-2005,
24,10380,47.18,16-Feb-2005,
40,10390,78.11,04-Mar-2005,
40,10421,100,29-May-2005,
46,10109,100,10-Mar-2003,
47,10123,100,20-May-2003,
2,10137,100,10-Jul-2003,
43,10148,100,11-Sep-2003,
79,10161,100,17-Oct-2003,
14,10172,100,05-Nov-2003,
8,10181,100,12-Nov-2003,
41,10192,100,20-Nov-2003,
75,10204,100,02-Dec-2003,
24,10212,100,16-Jan-2004,
56,10226,100,26-Feb-2004,
84,10241,100,13-Apr-2004,
23,10253,100,01-Jun-2004,
71,10266,100,06-Jul-2004,
85,10278,100,06-Aug-2004,
70,10287,100,30-Aug-2004,
86,10301,100,05-Oct-2003,
24,10311,100,16-Oct-2004,
22,10321,100,04-Nov-2004,
46,10331,64.9,17-Nov-2004,
2,10343,52.32,24-Nov-2004,
91,10366,100,10-Jan-2005,
24,10379,100,10-Feb-2005,
62,10407,100,22-Apr-2005,
20,10419,100,17-May-2005,
18,10103,83.07,29-Jan-2003,
25,10112,100,24-Mar-2003,
26,10126,90.17,28-May-2003,
21,10139,100,16-Jul-2003,
27,10150,91.18,19-Sep-2003,
28,10163,100,20-Oct-2003,
29,10174,100,06-Nov-2003,
30,10183,89.15,13-Nov-2003,
88,10193,93.21,21-Nov-2003,
32,10206,90.17,05-Dec-2003,
33,10215,100,29-Jan-2004,
34,10228,100,10-Mar-2004,
24,10244,100,29-Apr-2004,
62,10257,88.14,14-Jun-2004,
21,10270,96.24,19-Jul-2004,
37,10280,100,17-Aug-2004,
38,10291,100,08-Sep-2004,
39,10304,100,11-Oct-2004,
40,10312,100,21-Oct-2004,
41,10322,100,04-Nov-2004,
9,10333,90.17,18-Nov-2004,
11,10347,100,29-Nov-2004,
40,10357,87.13,10-Dec-2004,
42,10369,100,20-Jan-2005,
5,10381,100,17-Feb-2005,
43,10391,45.25,09-Mar-2005,
57,10423,88.14,30-May-2005,
18,10103,57.46,29-Jan-2003,
9,10111,64.33,25-Mar-2003,
26,10126,73.7,28-May-2003,
21,10139,71.2,16-Jul-2003,
27,10150,49.97,19-Sep-2003,
28,10163,69.96,20-Oct-2003,
87,10173,53.72,05-Nov-2003,
30,10183,68.08,13-Nov-2003,
88,10193,51.84,21-Nov-2003,
32,10206,67.46,05-Dec-2003,
33,10215,58.71,29-Jan-2004,
34,10228,63.71,10-Mar-2004,
24,10244,58.09,29-Apr-2004,
62,10257,53.72,14-Jun-2004,
20,10269,63.08,16-Jul-2004,
37,10280,68.71,17-Aug-2004,
38,10291,50.59,08-Sep-2004,
39,10304,64.96,11-Oct-2004,
40,10312,53.72,21-Oct-2004,
41,10322,29.87,04-Nov-2004,
78,10332,100,17-Nov-2004,
11,10347,64.96,29-Nov-2004,
40,10357,70.58,10-Dec-2004,
42,10369,44.21,20-Jan-2005,
5,10381,68.08,17-Feb-2005,
64,10392,59.96,10-Mar-2005,
57,10423,53.72,30-May-2005,
87,10106,83.44,17-Feb-2003,
20,10119,89.46,28-Apr-2003,
92,10130,96.34,16-Jun-2003,
51,10143,74.84,10-Aug-2003,
17,10155,79.14,06-Oct-2003,
38,10167,73.12,23-Oct-2003,
52,10178,81.72,08-Nov-2003,
53,10186,89.46,14-Nov-2003,
54,10197,87.74,26-Nov-2003,
55,10209,100,09-Jan-2004,
56,10222,94.62,19-Feb-2004,
1,10248,73.98,07-May-2004,
24,10262,84.3,24-Jun-2004,
57,10273,98.06,21-Jul-2004,
58,10283,98.06,20-Aug-2004,
90,10296,96.34,15-Sep-2004,
30,10307,83.44,14-Oct-2004,
60,10316,94.62,01-Nov-2004,
49,10327,45.86,10-Nov-2004,
91,10338,82.58,22-Nov-2004,
24,10350,64.97,02-Dec-2004,
61,10373,86.74,31-Jan-2005,
24,10386,93.01,01-Mar-2005,
2,10398,72.26,30-Mar-2005,
62,10400,74.84,01-Apr-2005,
59,10414,73.98,06-May-2005,
18,10103,100,29-Jan-2003,
9,10111,100,25-Mar-2003,
26,10126,97.39,28-May-2003,
21,10139,90.06,16-Jul-2003,
27,10150,100,19-Sep-2003,
28,10163,100,20-Oct-2003,
87,10173,89.01,05-Nov-2003,
30,10183,100,13-Nov-2003,
88,10193,100,21-Nov-2003,
32,10206,100,05-Dec-2003,
33,10215,100,29-Jan-2004,
34,10228,100,10-Mar-2004,
24,10244,100,29-Apr-2004,
62,10257,84.82,14-Jun-2004,
21,10270,100,19-Jul-2004,
37,10280,100,17-Aug-2004,
38,10291,100,08-Sep-2004,
39,10304,85.87,11-Oct-2004,
40,10312,100,21-Oct-2004,
41,10322,47.04,04-Nov-2004,
78,10332,39.8,17-Nov-2004,
11,10347,100,29-Nov-2004,
40,10357,100,10-Dec-2004,
42,10369,94.22,20-Jan-2005,
5,10381,100,17-Feb-2005,
64,10392,86.92,10-Mar-2005,
57,10423,84.82,30-May-2005,
49,10105,100,11-Feb-2003,
27,10117,100,16-Apr-2003,
24,10128,100,06-Jun-2003,
40,10142,100,08-Aug-2003,
24,10153,100,28-Sep-2003,
22,10166,100,21-Oct-2003,
77,10177,100,07-Nov-2003,
51,10185,100,14-Nov-2003,
35,10196,100,26-Nov-2003,
31,10208,100,02-Jan-2004,
57,10221,100,18-Feb-2004,
60,10232,100,20-Mar-2004,
1,10248,100,07-May-2004,
57,10273,100,21-Jul-2004,
40,10282,100,20-Aug-2004,
37,10293,100,09-Sep-2004,
78,10306,100,14-Oct-2004,
79,10314,100,22-Oct-2004,
18,10325,69.12,05-Nov-2004,
63,10336,100,20-Nov-2004,
24,10350,100,02-Dec-2004,
36,10372,100,26-Jan-2005,
24,10383,61.52,22-Feb-2005,
40,10396,100,23-Mar-2005,
59,10414,100,06-May-2005,
24,10104,100,31-Jan-2003,
46,10109,100,10-Mar-2003,
63,10114,100,01-Apr-2003,
68,10122,100,08-May-2003,
75,10127,100,03-Jun-2003,
52,10136,100,04-Jul-2003,
74,10141,100,01-Aug-2003,
43,10148,100,11-Sep-2003,
61,10151,100,21-Sep-2003,
55,10160,100,11-Oct-2003,
27,10165,100,22-Oct-2003,
44,10171,100,05-Nov-2003,
50,10175,100,06-Nov-2003,
8,10181,100,12-Nov-2003,
82,10184,100,14-Nov-2003,
41,10192,100,20-Nov-2003,
48,10195,100,25-Nov-2003,
24,10203,100,02-Dec-2003,
65,10207,100,09-Dec-2003,
24,10212,100,16-Jan-2004,
70,10225,100,22-Feb-2004,
40,10229,100,11-Mar-2004,
61,10239,100,12-Apr-2004,
24,10246,100,05-May-2004,
23,10253,100,01-Jun-2004,
66,10259,100,15-Jun-2004,
71,10266,100,06-Jul-2004,
40,10271,100,20-Jul-2004,
85,10278,100,06-Aug-2004,
19,10281,100,19-Aug-2004,
70,10287,100,30-Aug-2004,
1,10292,100,08-Sep-2004,
86,10301,100,05-Oct-2003,
16,10305,100,13-Oct-2004,
69,10310,100,16-Oct-2004,
32,10313,100,22-Oct-2004,
22,10321,100,04-Nov-2004,
12,10324,100,05-Nov-2004,
46,10331,100,17-Nov-2004,
25,10334,100,19-Nov-2004,
11,10342,100,24-Nov-2004,
75,10349,100,01-Dec-2004,
24,10358,93.49,10-Dec-2004,
91,10366,100,10-Jan-2005,
43,10370,56.85,20-Jan-2005,
17,10377,100,09-Feb-2005,
24,10383,100,22-Feb-2005,
24,10394,100,15-Mar-2005,
84,10405,100,14-Apr-2005,
24,10412,100,03-May-2005,
20,10419,100,17-May-2005,
15,10425,100,31-May-2005,
49,10105,100,11-Feb-2003,
27,10117,95.8,16-Apr-2003,
24,10128,100,06-Jun-2003,
40,10142,97.81,08-Aug-2003,
24,10153,88.74,28-Sep-2003,
27,10165,100,22-Oct-2003,
77,10177,100,07-Nov-2003,
51,10185,80.67,14-Nov-2003,
35,10196,100,26-Nov-2003,
31,10208,100,02-Jan-2004,
57,10221,80.67,18-Feb-2004,
60,10232,95.8,20-Mar-2004,
1,10248,100,07-May-2004,
57,10273,100,21-Jul-2004,
40,10282,100,20-Aug-2004,
37,10293,100,09-Sep-2004,
78,10306,91.76,14-Oct-2004,
79,10314,100,22-Oct-2004,
25,10326,100,09-Nov-2004,
63,10336,100,20-Nov-2004,
24,10350,93.04,02-Dec-2004,
36,10372,84.71,26-Jan-2005,
24,10383,100,22-Feb-2005,
40,10396,89.75,23-Mar-2005,
59,10414,100,06-May-2005,
67,10108,68.35,03-Mar-2003,
68,10122,73.17,08-May-2003,
40,10135,78,02-Jul-2003,
42,10147,86.04,05-Sep-2003,
5,10159,81.21,10-Oct-2003,
43,10169,70.76,04-Nov-2003,
8,10181,82.82,12-Nov-2003,
69,10191,94.88,20-Nov-2003,
24,10203,86.04,02-Dec-2003,
10,10211,78,15-Jan-2004,
70,10225,95.69,22-Feb-2004,
49,10238,73.17,09-Apr-2004,
10,10252,76.39,26-May-2004,
88,10265,86.84,02-Jul-2004,
72,10276,69.96,02-Aug-2004,
70,10287,70.76,30-Aug-2004,
73,10300,78.8,04-Oct-2003,
69,10310,80.41,16-Oct-2004,
80,10319,73.98,03-Nov-2004,
1,10329,59.1,15-Nov-2004,
11,10342,66.74,24-Nov-2004,
74,10363,60.3,06-Jan-2005,
24,10378,100,10-Feb-2005,
40,10390,100,04-Mar-2005,
18,10103,100,29-Jan-2003,
9,10111,100,25-Mar-2003,
26,10126,82.34,28-May-2003,
21,10139,100,16-Jul-2003,
83,10149,94.25,12-Sep-2003,
28,10163,100,20-Oct-2003,
87,10173,95.24,05-Nov-2003,
40,10182,86.31,12-Nov-2003,
88,10193,79.37,21-Nov-2003,
32,10206,87.3,05-Dec-2003,
33,10215,100,29-Jan-2004,
31,10227,100,02-Mar-2004,
24,10244,84.33,29-Apr-2004,
62,10257,89.29,14-Jun-2004,
37,10280,100,17-Aug-2004,
92,10290,96.23,07-Sep-2004,
39,10304,100,11-Oct-2004,
40,10312,100,21-Oct-2004,
73,10323,91.27,05-Nov-2004,
9,10333,100,18-Nov-2004,
11,10347,100,29-Nov-2004,
40,10357,100,10-Dec-2004,
42,10369,73.08,20-Jan-2005,
40,10382,100,17-Feb-2005,
64,10392,100,10-Mar-2005,
57,10423,89.29,30-May-2005,
67,10108,100,03-Mar-2003,
68,10122,100,08-May-2003,
40,10135,100,02-Jul-2003,
42,10147,100,05-Sep-2003,
5,10159,100,10-Oct-2003,
43,10169,100,04-Nov-2003,
8,10181,100,12-Nov-2003,
69,10191,100,20-Nov-2003,
24,10203,100,02-Dec-2003,
10,10211,100,15-Jan-2004,
70,10225,100,22-Feb-2004,
49,10238,100,09-Apr-2004,
10,10252,100,26-May-2004,
88,10265,100,02-Jul-2004,
72,10276,100,02-Aug-2004,
70,10287,100,30-Aug-2004,
73,10300,100,04-Oct-2003,
69,10310,100,16-Oct-2004,
25,10320,100,03-Nov-2004,
67,10330,100,16-Nov-2004,
11,10342,100,24-Nov-2004,
24,10355,100,07-Dec-2004,
74,10363,100,06-Jan-2005,
24,10378,96.49,10-Feb-2005,
40,10390,100,04-Mar-2005,
46,10109,100,10-Mar-2003,
47,10123,100,20-May-2003,
2,10137,100,10-Jul-2003,
43,10148,100,11-Sep-2003,
79,10161,100,17-Oct-2003,
14,10172,100,05-Nov-2003,
8,10181,100,12-Nov-2003,
41,10192,100,20-Nov-2003,
75,10204,100,02-Dec-2003,
24,10212,100,16-Jan-2004,
56,10226,100,26-Feb-2004,
45,10240,100,13-Apr-2004,
23,10253,100,01-Jun-2004,
71,10266,100,06-Jul-2004,
85,10278,100,06-Aug-2004,
70,10287,100,30-Aug-2004,
86,10301,100,05-Oct-2003,
24,10311,100,16-Oct-2004,
22,10321,100,04-Nov-2004,
46,10331,67.91,17-Nov-2004,
2,10343,84.88,24-Nov-2004,
4,10367,100,12-Jan-2005,
24,10379,70.83,10-Feb-2005,
49,10406,100,15-Apr-2005,
20,10419,100,17-May-2005,
67,10108,67.77,03-Mar-2003,
68,10122,49.74,08-May-2003,
40,10135,50.36,02-Jul-2003,
89,10146,67.14,03-Sep-2003,
5,10159,64.66,10-Oct-2003,
43,10169,68.39,04-Nov-2003,
7,10180,50.36,11-Nov-2003,
69,10191,72.74,20-Nov-2003,
10,10211,54.09,15-Jan-2004,
7,10224,58.44,21-Feb-2004,
12,10237,52.22,05-Apr-2004,
10,10252,52.84,26-May-2004,
59,10264,54.71,30-Jun-2004,
72,10276,50.36,02-Aug-2004,
63,10286,57.2,28-Aug-2004,
17,10299,55.95,30-Sep-2004,
69,10310,67.14,16-Oct-2004,
80,10319,59.06,03-Nov-2004,
67,10330,69.63,16-Nov-2004,
11,10342,55.95,24-Nov-2004,
24,10355,53.47,07-Dec-2004,
74,10363,89.12,06-Jan-2005,
24,10378,100,10-Feb-2005,
40,10390,100,04-Mar-2005,
23,10403,52.22,08-Apr-2005,
87,10106,100,17-Feb-2003,
20,10119,99.52,28-Apr-2003,
92,10130,100,16-Jun-2003,
51,10143,100,10-Aug-2003,
17,10155,100,06-Oct-2003,
38,10167,100,23-Oct-2003,
52,10178,100,08-Nov-2003,
53,10186,100,14-Nov-2003,
54,10197,100,26-Nov-2003,
55,10209,100,09-Jan-2004,
56,10222,85.75,19-Feb-2004,
34,10249,100,08-May-2004,
24,10262,100,24-Jun-2004,
57,10273,85.75,21-Jul-2004,
58,10283,100,20-Aug-2004,
90,10296,84.7,15-Sep-2004,
30,10307,86.81,14-Oct-2004,
60,10316,86.81,01-Nov-2004,
87,10328,100,12-Nov-2004,
91,10338,100,22-Nov-2004,
50,10351,100,03-Dec-2004,
61,10373,60.49,31-Jan-2005,
24,10386,57.55,01-Mar-2005,
2,10398,100,30-Mar-2005,
62,10400,100,01-Apr-2005,
88,10415,100,09-May-2005,
24,10104,100,31-Jan-2003,
27,10117,100,16-Apr-2003,
75,10127,100,03-Jun-2003,
40,10142,100,08-Aug-2003,
29,10152,100,25-Sep-2003,
27,10165,100,22-Oct-2003,
71,10176,100,06-Nov-2003,
51,10185,100,14-Nov-2003,
35,10196,100,26-Nov-2003,
65,10207,100,09-Dec-2003,
76,10220,100,12-Feb-2004,
73,10230,100,15-Mar-2004,
74,10247,100,05-May-2004,
19,10272,100,20-Jul-2004,
40,10282,100,20-Aug-2004,
1,10292,100,08-Sep-2004,
78,10306,100,14-Oct-2004,
79,10314,100,22-Oct-2004,
12,10324,100,05-Nov-2004,
28,10337,100,21-Nov-2004,
75,10349,100,01-Dec-2004,
24,10358,100,10-Dec-2004,
36,10372,100,26-Jan-2005,
24,10383,100,22-Feb-2005,
24,10394,100,15-Mar-2005,
14,10413,100,05-May-2005,
41,10100,86.51,06-Jan-2003,
78,10110,89.27,18-Mar-2003,
85,10124,85.59,21-May-2003,
43,10148,100,11-Sep-2003,
5,10162,100,18-Oct-2003,
87,10173,75.46,05-Nov-2003,
40,10182,100,12-Nov-2003,
88,10193,97.55,21-Nov-2003,
75,10204,85.59,02-Dec-2003,
53,10213,94.79,22-Jan-2004,
31,10227,100,02-Mar-2004,
84,10241,90.19,13-Apr-2004,
37,10280,100,17-Aug-2004,
66,10288,80.99,01-Sep-2004,
23,10302,89.27,06-Oct-2003,
24,10311,81.91,16-Oct-2004,
78,10332,100,17-Nov-2004,
68,10344,100,25-Nov-2004,
4,10367,62.72,12-Jan-2005,
24,10380,100,16-Feb-2005,
62,10407,90.19,22-Apr-2005,
21,10420,92.95,29-May-2005,
49,10105,82.5,11-Feb-2003,
27,10117,97.42,16-Apr-2003,
24,10128,92.16,06-Jun-2003,
40,10142,70.22,08-Aug-2003,
24,10153,83.38,28-Sep-2003,
22,10166,73.73,21-Oct-2003,
77,10177,74.6,07-Nov-2003,
51,10185,77.24,14-Nov-2003,
54,10197,100,26-Nov-2003,
31,10208,87.77,02-Jan-2004,
57,10221,89.53,18-Feb-2004,
60,10232,89.53,20-Mar-2004,
1,10248,75.48,07-May-2004,
44,10261,89.53,17-Jun-2004,
57,10273,71.09,21-Jul-2004,
58,10283,100,20-Aug-2004,
37,10293,100,09-Sep-2004,
78,10306,90.4,14-Oct-2004,
15,10315,100,29-Oct-2004,
25,10326,86.01,09-Nov-2004,
28,10337,100,21-Nov-2004,
24,10350,100,02-Dec-2004,
36,10372,86.89,26-Jan-2005,
24,10383,58.58,22-Feb-2005,
40,10396,100,23-Mar-2005,
59,10414,75.48,06-May-2005,
18,10103,100,29-Jan-2003,
63,10114,100,01-Apr-2003,
26,10126,100,28-May-2003,
6,10140,100,24-Jul-2003,
27,10150,100,19-Sep-2003,
64,10164,100,21-Oct-2003,
50,10175,100,06-Nov-2003,
30,10183,100,13-Nov-2003,
31,10194,100,25-Nov-2003,
65,10207,100,09-Dec-2003,
66,10217,100,04-Feb-2004,
40,10229,100,11-Mar-2004,
35,10245,100,04-May-2004,
66,10259,100,15-Jun-2004,
21,10270,100,19-Jul-2004,
19,10281,99.29,19-Aug-2004,
38,10291,100,08-Sep-2004,
16,10305,99.29,13-Oct-2004,
32,10313,100,22-Oct-2004,
73,10323,100,05-Nov-2004,
25,10334,100,19-Nov-2004,
11,10347,100,29-Nov-2004,
40,10357,100,10-Dec-2004,
43,10370,57.53,20-Jan-2005,
40,10382,100,17-Feb-2005,
44,10411,100,01-May-2005,
15,10425,100,31-May-2005,
18,10103,47.29,29-Jan-2003,
40,10113,49.81,26-Mar-2003,
26,10126,53.83,28-May-2003,
6,10140,43.27,24-Jul-2003,
27,10150,42.76,19-Sep-2003,
64,10164,53.83,21-Oct-2003,
29,10174,44.78,06-Nov-2003,
30,10183,49.3,13-Nov-2003,
31,10194,44.78,25-Nov-2003,
32,10206,53.33,05-Dec-2003,
33,10215,45.28,29-Jan-2004,
40,10229,40.25,11-Mar-2004,
35,10245,59.87,04-May-2004,
36,10258,59.87,15-Jun-2004,
21,10270,58.36,19-Jul-2004,
19,10281,59.87,19-Aug-2004,
38,10291,51.82,08-Sep-2004,
39,10304,49.3,11-Oct-2004,
40,10312,56.85,21-Oct-2004,
12,10324,100,05-Nov-2004,
9,10333,79.86,18-Nov-2004,
26,10348,100,01-Nov-2004,
24,10358,100,10-Dec-2004,
43,10370,100,20-Jan-2005,
40,10382,100,17-Feb-2005,
44,10411,59.87,01-May-2005,
24,10424,59.87,31-May-2005,
67,10108,100,03-Mar-2003,
68,10122,100,08-May-2003,
40,10135,100,02-Jul-2003,
89,10146,100,03-Sep-2003,
5,10159,100,10-Oct-2003,
43,10169,100,04-Nov-2003,
7,10180,100,11-Nov-2003,
69,10191,100,20-Nov-2003,
10,10211,100,15-Jan-2004,
70,10225,100,22-Feb-2004,
49,10238,100,09-Apr-2004,
10,10252,100,26-May-2004,
59,10264,100,30-Jun-2004,
72,10276,100,02-Aug-2004,
70,10287,100,30-Aug-2004,
17,10299,100,30-Sep-2004,
69,10310,100,16-Oct-2004,
80,10319,100,03-Nov-2004,
67,10330,100,16-Nov-2004,
11,10342,100,24-Nov-2004,
24,10355,100,07-Dec-2004,
74,10363,58.18,06-Jan-2005,
24,10378,67.14,10-Feb-2005,
40,10390,100,04-Mar-2005,
78,10110,61.29,18-Mar-2003,
85,10124,57.73,21-May-2003,
43,10148,81.25,11-Sep-2003,
79,10161,80.54,17-Oct-2003,
87,10173,71.98,05-Nov-2003,
40,10182,69.84,12-Nov-2003,
88,10193,76.26,21-Nov-2003,
75,10204,76.26,02-Dec-2003,
53,10213,83.39,22-Jan-2004,
31,10227,57.73,02-Mar-2004,
84,10241,66.99,13-Apr-2004,
75,10267,75.55,07-Jul-2004,
24,10279,60.58,09-Aug-2004,
66,10288,73.41,01-Sep-2004,
23,10302,72.7,06-Oct-2003,
24,10311,66.99,16-Oct-2004,
78,10332,100,17-Nov-2004,
68,10344,63.43,25-Nov-2004,
4,10367,85.25,12-Jan-2005,
24,10380,100,16-Feb-2005,
62,10407,66.99,22-Apr-2005,
21,10420,57.73,29-May-2005,
78,10110,85.25,18-Mar-2003,
85,10124,77.9,21-May-2003,
43,10148,60.26,11-Sep-2003,
79,10161,72.76,17-Oct-2003,
14,10172,75.69,05-Nov-2003,
40,10182,74.22,12-Nov-2003,
41,10192,69.82,20-Nov-2003,
75,10204,62.47,02-Dec-2003,
24,10212,82.31,16-Jan-2004,
56,10226,60.26,26-Feb-2004,
84,10241,76.43,13-Apr-2004,
75,10267,80.1,07-Jul-2004,
24,10279,74.96,09-Aug-2004,
66,10288,66.14,01-Sep-2004,
86,10301,72.02,05-Oct-2003,
24,10311,87.45,16-Oct-2004,
22,10321,70.55,04-Nov-2004,
78,10332,56.84,17-Nov-2004,
68,10344,59.53,25-Nov-2004,
4,10367,60.37,12-Jan-2005,
24,10380,100,16-Feb-2005,
62,10407,76.43,22-Apr-2005,
21,10420,64.67,29-May-2005,
24,10104,55.49,31-Jan-2003,
28,10115,69.36,04-Apr-2003,
75,10127,60.69,03-Jun-2003,
74,10141,54.33,01-Aug-2003,
29,10152,65.31,25-Sep-2003,
27,10165,69.36,22-Oct-2003,
71,10176,68.78,06-Nov-2003,
82,10184,60.11,14-Nov-2003,
48,10195,66.47,25-Nov-2003,
65,10207,46.82,09-Dec-2003,
76,10220,56.07,12-Feb-2004,
73,10230,54.33,15-Mar-2004,
24,10246,52.6,05-May-2004,
66,10259,46.82,15-Jun-2004,
40,10271,64.74,20-Jul-2004,
40,10282,46.82,20-Aug-2004,
1,10292,53.75,08-Sep-2004,
16,10305,61.85,13-Oct-2004,
79,10314,53.18,22-Oct-2004,
12,10324,69.16,05-Nov-2004,
63,10336,100,20-Nov-2004,
75,10349,47.4,01-Dec-2004,
24,10358,60.76,10-Dec-2004,
40,10371,97.27,23-Jan-2005,
24,10383,91.76,22-Feb-2005,
24,10394,50.29,15-Mar-2005,
24,10412,52.6,03-May-2005,
15,10425,46.82,31-May-2005,
1,10107,100,24-Feb-2003,
11,10120,98.05,29-Apr-2003,
3,10134,93.54,01-Jul-2003,
4,10145,95.8,25-Aug-2003,
5,10159,100,10-Oct-2003,
6,10168,100,28-Oct-2003,
7,10180,100,11-Nov-2003,
8,10188,100,18-Nov-2003,
9,10201,100,01-Dec-2003,
10,10211,90.16,15-Jan-2004,
11,10223,91.29,20-Feb-2004,
12,10237,100,05-Apr-2004,
13,10251,100,18-May-2004,
14,10263,100,28-Jun-2004,
15,10275,100,23-Jul-2004,
16,10285,100,27-Aug-2004,
17,10299,100,30-Sep-2004,
18,10309,100,15-Oct-2004,
19,10318,100,02-Nov-2004,
1,10329,87.78,15-Nov-2004,
36,10339,84.39,23-Nov-2004,
6,10362,96.92,05-Jan-2005,
29,10374,100,02-Feb-2005,
38,10389,100,03-Mar-2005,
23,10403,100,08-Apr-2005,
24,10417,100,13-May-2005,
78,10110,59.37,18-Mar-2003,
47,10123,59.87,20-May-2003,
2,10137,49.81,10-Jul-2003,
43,10148,56.85,11-Sep-2003,
79,10161,53.33,17-Oct-2003,
14,10172,42.76,05-Nov-2003,
8,10181,53.83,12-Nov-2003,
41,10192,53.83,20-Nov-2003,
75,10204,49.81,02-Dec-2003,
24,10212,53.33,16-Jan-2004,
56,10226,43.27,26-Feb-2004,
84,10241,40.25,13-Apr-2004,
71,10266,48.3,06-Jul-2004,
85,10278,45.28,06-Aug-2004,
66,10288,52.32,01-Sep-2004,
86,10301,51.32,05-Oct-2003,
24,10311,49.3,16-Oct-2004,
22,10321,42.26,04-Nov-2004,
78,10332,87.96,17-Nov-2004,
2,10343,36.21,24-Nov-2004,
4,10367,38.5,12-Jan-2005,
24,10379,100,10-Feb-2005,
62,10407,40.25,22-Apr-2005,
21,10420,60.37,29-May-2005,
87,10106,88.63,17-Feb-2003,
11,10120,100,29-Apr-2003,
24,10133,94.1,27-Jun-2003,
4,10145,87.54,25-Aug-2003,
6,10168,100,28-Oct-2003,
45,10210,98.48,12-Jan-2004,
11,10223,100,20-Feb-2004,
58,10235,96.29,02-Apr-2004,
62,10250,88.63,11-May-2004,
24,10262,97.38,24-Jun-2004,
15,10275,95.2,23-Jul-2004,
86,10284,100,21-Aug-2004,
76,10297,100,16-Sep-2004,
48,10308,100,15-Oct-2004,
60,10316,100,01-Nov-2004,
87,10328,87.54,12-Nov-2004,
36,10339,50.65,23-Nov-2004,
89,10353,71.73,04-Dec-2004,
29,10374,94.1,02-Feb-2005,
24,10386,41.71,01-Mar-2005,
2,10398,100,30-Mar-2005,
13,10401,96.29,03-Apr-2005,
71,10416,88.63,10-May-2005,
73,10101,31.2,09-Jan-2003,
78,10110,35.51,18-Mar-2003,
85,10124,37.84,21-May-2003,
83,10149,33.19,12-Sep-2003,
5,10162,27.22,18-Oct-2003,
87,10173,31.53,05-Nov-2003,
40,10182,36.84,12-Nov-2003,
88,10193,29.21,21-Nov-2003,
24,10205,37.17,03-Dec-2003,
26,10214,34.19,26-Jan-2004,
31,10227,29.21,02-Mar-2004,
65,10243,29.54,26-Apr-2004,
37,10280,28.88,17-Aug-2004,
66,10288,38.17,01-Sep-2004,
39,10304,30.2,11-Oct-2004,
40,10312,29.54,21-Oct-2004,
41,10322,100,04-Nov-2004,
78,10332,81.91,17-Nov-2004,
68,10344,35.18,25-Nov-2004,
3,10356,100,09-Dec-2004,
4,10367,36.29,12-Jan-2005,
24,10380,70.56,16-Feb-2005,
43,10391,100,09-Mar-2005,
66,10409,29.54,23-Apr-2005,
21,10420,26.88,29-May-2005,
1,10107,83.03,24-Feb-2003,
11,10120,83.79,29-Apr-2003,
3,10134,83.03,01-Jul-2003,
4,10145,83.03,25-Aug-2003,
18,10158,67.03,10-Oct-2003,
6,10168,75.41,28-Oct-2003,
7,10180,68.55,11-Nov-2003,
8,10188,91.4,18-Nov-2003,
9,10201,73.88,01-Dec-2003,
45,10210,61.7,12-Jan-2004,
11,10223,69.31,20-Feb-2004,
46,10236,87.6,03-Apr-2004,
62,10250,87.6,11-May-2004,
14,10263,62.46,28-Jun-2004,
15,10275,79.98,23-Jul-2004,
16,10285,70.08,27-Aug-2004,
76,10297,65.51,16-Sep-2004,
48,10308,63.22,15-Oct-2004,
19,10318,86.83,02-Nov-2004,
1,10329,94.43,15-Nov-2004,
54,10340,79.98,24-Nov-2004,
74,10363,100,06-Jan-2005,
15,10375,100,03-Feb-2005,
38,10389,81.4,03-Mar-2005,
10,10402,87.6,07-Apr-2005,
71,10416,87.6,10-May-2005,
49,10105,100,11-Feb-2003,
27,10117,100,16-Apr-2003,
50,10129,100,12-Jun-2003,
40,10142,100,08-Aug-2003,
24,10153,100,28-Sep-2003,
38,10167,100,23-Oct-2003,
77,10177,100,07-Nov-2003,
51,10185,100,14-Nov-2003,
54,10197,100,26-Nov-2003,
31,10208,100,02-Jan-2004,
57,10221,100,18-Feb-2004,
60,10232,100,20-Mar-2004,
1,10248,100,07-May-2004,
44,10261,100,17-Jun-2004,
57,10273,100,21-Jul-2004,
58,10283,100,20-Aug-2004,
37,10293,100,09-Sep-2004,
78,10306,100,14-Oct-2004,
15,10315,100,29-Oct-2004,
25,10326,100,09-Nov-2004,
28,10337,71.97,21-Nov-2004,
24,10350,50.33,02-Dec-2004,
36,10372,100,26-Jan-2005,
5,10384,80.54,23-Feb-2005,
40,10396,100,23-Mar-2005,
59,10414,100,06-May-2005,
73,10101,53.76,09-Jan-2003,
78,10110,44.35,18-Mar-2003,
85,10124,45.25,21-May-2003,
83,10149,49.28,12-Sep-2003,
5,10162,36.29,18-Oct-2003,
87,10173,41.22,05-Nov-2003,
40,10182,36.74,12-Nov-2003,
88,10193,50.62,21-Nov-2003,
24,10205,38.08,03-Dec-2003,
26,10214,47.94,26-Jan-2004,
31,10227,48.38,02-Mar-2004,
24,10244,45.25,29-Apr-2004,
84,10255,45.7,04-Jun-2004,
37,10280,47.49,17-Aug-2004,
8,10289,48.38,03-Sep-2004,
39,10304,39.42,11-Oct-2004,
40,10312,37.63,21-Oct-2004,
41,10322,100,04-Nov-2004,
78,10332,85.52,17-Nov-2004,
47,10345,53.76,25-Nov-2004,
3,10356,31.86,09-Dec-2004,
4,10367,30.59,12-Jan-2005,
24,10380,68.35,16-Feb-2005,
43,10391,100,09-Mar-2005,
40,10421,45.7,29-May-2005,
18,10103,100,29-Jan-2003,
63,10114,100,01-Apr-2003,
26,10126,100,28-May-2003,
6,10140,100,24-Jul-2003,
61,10151,100,21-Sep-2003,
27,10165,100,22-Oct-2003,
50,10175,100,06-Nov-2003,
82,10184,100,14-Nov-2003,
31,10194,100,25-Nov-2003,
65,10207,100,09-Dec-2003,
66,10217,100,04-Feb-2004,
40,10229,100,11-Mar-2004,
24,10246,100,05-May-2004,
66,10259,100,15-Jun-2004,
40,10271,100,20-Jul-2004,
19,10281,100,19-Aug-2004,
38,10291,100,08-Sep-2004,
16,10305,100,13-Oct-2004,
32,10313,100,22-Oct-2004,
12,10324,100,05-Nov-2004,
25,10334,100,19-Nov-2004,
26,10348,100,01-Nov-2004,
24,10358,100,10-Dec-2004,
40,10371,100,23-Jan-2005,
40,10382,100,17-Feb-2005,
24,10412,100,03-May-2005,
15,10425,100,31-May-2005,
67,10108,58.87,03-Mar-2003,
2,10121,76.88,07-May-2003,
40,10135,61.64,02-Jul-2003,
4,10145,60.95,25-Aug-2003,
5,10159,80.34,10-Oct-2003,
43,10169,74.11,04-Nov-2003,
7,10180,72.03,11-Nov-2003,
24,10190,76.19,19-Nov-2003,
10,10211,63.72,15-Jan-2004,
7,10224,80.34,21-Feb-2004,
12,10237,79.65,05-Apr-2004,
10,10252,65.8,26-May-2004,
59,10264,65.1,30-Jun-2004,
72,10276,75.49,02-Aug-2004,
16,10285,59.56,27-Aug-2004,
17,10299,66.49,30-Sep-2004,
18,10309,56.1,15-Oct-2004,
80,10319,81.73,03-Nov-2004,
67,10330,81.03,16-Nov-2004,
20,10341,100,24-Nov-2004,
24,10355,70.65,07-Dec-2004,
74,10363,61.23,06-Jan-2005,
15,10375,100,03-Feb-2005,
40,10390,65.13,04-Mar-2005,
23,10403,79.65,08-Apr-2005,
78,10110,78.15,18-Mar-2003,
85,10124,72.7,21-May-2003,
43,10148,73.6,11-Sep-2003,
79,10161,100,17-Oct-2003,
14,10172,74.51,05-Nov-2003,
40,10182,73.6,12-Nov-2003,
41,10192,83.6,20-Nov-2003,
75,10204,96.32,02-Dec-2003,
24,10212,88.14,16-Jan-2004,
31,10227,88.14,02-Mar-2004,
84,10241,94.5,13-Apr-2004,
75,10267,87.24,07-Jul-2004,
24,10279,79.97,09-Aug-2004,
66,10288,80.87,01-Sep-2004,
23,10302,100,06-Oct-2003,
24,10311,93.6,16-Oct-2004,
22,10321,72.7,04-Nov-2004,
78,10332,86.72,17-Nov-2004,
85,10346,100,29-Nov-2004,
40,10368,100,19-Jan-2005,
24,10380,37.5,16-Feb-2005,
62,10407,94.5,22-Apr-2005,
21,10420,100,29-May-2005,
24,10104,39.6,31-Jan-2003,
63,10114,30.06,01-Apr-2003,
75,10127,38.19,03-Jun-2003,
74,10141,42.43,01-Aug-2003,
61,10151,40.31,21-Sep-2003,
27,10165,31.82,22-Oct-2003,
50,10175,31.12,06-Nov-2003,
82,10184,31.82,14-Nov-2003,
48,10195,28.29,25-Nov-2003,
65,10207,29.7,09-Dec-2003,
83,10219,40.31,10-Feb-2004,
40,10229,32.88,11-Mar-2004,
24,10246,36.07,05-May-2004,
66,10259,33.24,15-Jun-2004,
40,10271,41.72,20-Jul-2004,
19,10281,40.66,19-Aug-2004,
1,10292,30.06,08-Sep-2004,
16,10305,31.47,13-Oct-2004,
79,10314,37.13,22-Oct-2004,
12,10324,100,05-Nov-2004,
40,10335,37.13,19-Nov-2004,
75,10349,37.13,01-Dec-2004,
24,10358,82.94,10-Dec-2004,
40,10371,100,23-Jan-2005,
24,10383,100,22-Feb-2005,
24,10394,38.9,15-Mar-2005,
24,10412,36.07,03-May-2005,
15,10425,33.24,31-May-2005,
87,10106,74.68,17-Feb-2003,
20,10119,59.6,28-Apr-2003,
89,10131,67.14,16-Jun-2003,
51,10143,60.97,10-Aug-2003,
17,10155,72.62,06-Oct-2003,
38,10167,69.88,23-Oct-2003,
52,10178,80.84,08-Nov-2003,
53,10186,69.2,14-Nov-2003,
67,10198,67.82,27-Nov-2003,
55,10209,82.21,09-Jan-2004,
56,10222,81.53,19-Feb-2004,
34,10249,67.82,08-May-2004,
24,10262,67.14,24-Jun-2004,
42,10274,65.08,21-Jul-2004,
86,10284,73.99,21-Aug-2004,
90,10296,71.25,15-Sep-2004,
30,10307,75.36,14-Oct-2004,
60,10316,63.71,01-Nov-2004,
87,10328,58.92,12-Nov-2004,
36,10339,100,23-Nov-2004,
50,10351,74.68,03-Dec-2004,
61,10373,70.44,31-Jan-2005,
24,10386,55.96,01-Mar-2005,
2,10398,57.55,30-Mar-2005,
62,10400,61.66,01-Apr-2005,
88,10415,67.82,09-May-2005,
78,10110,100,18-Mar-2003,
85,10124,93.95,21-May-2003,
43,10148,100,11-Sep-2003,
79,10161,100,17-Oct-2003,
87,10173,100,05-Nov-2003,
40,10182,100,12-Nov-2003,
41,10192,100,20-Nov-2003,
75,10204,100,02-Dec-2003,
53,10213,100,22-Jan-2004,
31,10227,100,02-Mar-2004,
84,10241,98.65,13-Apr-2004,
75,10267,100,07-Jul-2004,
24,10279,100,09-Aug-2004,
66,10288,100,01-Sep-2004,
23,10302,100,06-Oct-2003,
24,10311,100,16-Oct-2004,
78,10332,42.26,17-Nov-2004,
85,10346,87.24,29-Nov-2004,
40,10368,100,19-Jan-2005,
24,10380,36.29,16-Feb-2005,
62,10407,98.65,22-Apr-2005,
21,10420,96.3,29-May-2005,
46,10109,32.1,10-Mar-2003,
68,10122,30.96,08-May-2003,
40,10135,35.87,02-Jul-2003,
42,10147,42.67,05-Sep-2003,
55,10160,37,11-Oct-2003,
44,10171,35.49,05-Nov-2003,
8,10181,42.67,12-Nov-2003,
41,10192,30.59,20-Nov-2003,
24,10203,37,02-Dec-2003,
24,10212,43.42,16-Jan-2004,
70,10225,36.63,22-Feb-2004,
61,10239,44.56,12-Apr-2004,
23,10253,42.67,01-Jun-2004,
71,10266,40.4,06-Jul-2004,
85,10278,38.89,06-Aug-2004,
70,10287,39.65,30-Aug-2004,
86,10301,34.36,05-Oct-2003,
69,10310,41.91,16-Oct-2004,
22,10321,33.23,04-Nov-2004,
46,10331,42.24,17-Nov-2004,
11,10342,40.4,24-Nov-2004,
24,10355,38.52,07-Dec-2004,
4,10367,100,12-Jan-2005,
24,10378,100,10-Feb-2005,
40,10390,100,04-Mar-2005,
84,10405,44.56,14-Apr-2005,
20,10419,42.67,17-May-2005,
49,10105,72.58,11-Feb-2003,
20,10119,87.62,28-Apr-2003,
50,10129,94.71,12-Jun-2003,
40,10142,98.25,08-Aug-2003,
81,10154,91.17,02-Oct-2003,
38,10167,79.66,23-Oct-2003,
77,10177,72.58,07-Nov-2003,
51,10185,74.35,14-Nov-2003,
54,10197,83.2,26-Nov-2003,
31,10208,89.4,02-Jan-2004,
56,10222,70.81,19-Feb-2004,
13,10233,94.71,29-Mar-2004,
1,10248,100,07-May-2004,
44,10261,91.17,17-Jun-2004,
57,10273,100,21-Jul-2004,
58,10283,92.94,20-Aug-2004,
59,10295,84.97,10-Sep-2004,
78,10306,84.08,14-Oct-2004,
15,10315,86.74,29-Oct-2004,
25,10326,85.85,09-Nov-2004,
36,10339,100,23-Nov-2004,
24,10350,100,02-Dec-2004,
61,10373,57.32,31-Jan-2005,
5,10384,97.87,23-Feb-2005,
40,10396,83.2,23-Mar-2005,
59,10414,100,06-May-2005,
78,10110,73.62,18-Mar-2003,
85,10124,83.04,21-May-2003,
43,10148,73.62,11-Sep-2003,
79,10161,77.05,17-Oct-2003,
14,10172,81.33,05-Nov-2003,
40,10182,94.17,12-Nov-2003,
41,10192,72.77,20-Nov-2003,
75,10204,79.62,02-Dec-2003,
24,10212,79.62,16-Jan-2004,
31,10227,79.62,02-Mar-2004,
84,10241,81.33,13-Apr-2004,
75,10267,96.74,07-Jul-2004,
24,10279,71.06,09-Aug-2004,
66,10288,68.49,01-Sep-2004,
23,10302,74.48,06-Oct-2003,
24,10311,83.04,16-Oct-2004,
22,10321,84.75,04-Nov-2004,
78,10332,34.19,17-Nov-2004,
85,10346,100,29-Nov-2004,
40,10368,79.62,19-Jan-2005,
24,10380,79.06,16-Feb-2005,
62,10407,81.33,22-Apr-2005,
21,10420,96.74,29-May-2005,
67,10108,63.07,03-Mar-2003,
68,10122,50.21,08-May-2003,
40,10135,66.13,02-Jul-2003,
42,10147,68.58,05-Sep-2003,
5,10159,69.8,10-Oct-2003,
43,10169,50.21,04-Nov-2003,
8,10181,65.52,12-Nov-2003,
69,10191,60.01,20-Nov-2003,
24,10203,64.9,02-Dec-2003,
10,10211,48.98,15-Jan-2004,
70,10225,50.21,22-Feb-2004,
49,10238,62.45,09-Apr-2004,
23,10253,52.66,01-Jun-2004,
71,10266,62.45,06-Jul-2004,
72,10276,61.23,02-Aug-2004,
70,10287,67.97,30-Aug-2004,
73,10300,58.78,04-Oct-2003,
69,10310,56.94,16-Oct-2004,
25,10320,61.23,03-Nov-2004,
46,10331,100,17-Nov-2004,
11,10342,62.45,24-Nov-2004,
24,10355,62.45,07-Dec-2004,
74,10363,100,06-Jan-2005,
24,10378,41.54,10-Feb-2005,
40,10390,52.84,04-Mar-2005,
20,10419,52.66,17-May-2005,
87,10106,52.6,17-Feb-2003,
20,10119,72.98,28-Apr-2003,
89,10131,59.18,16-Jun-2003,
51,10143,77.59,10-Aug-2003,
17,10155,55.89,06-Oct-2003,
38,10167,63.12,23-Oct-2003,
52,10178,73.64,08-Nov-2003,
53,10186,69.04,14-Nov-2003,
67,10198,71.67,27-Nov-2003,
55,10209,77.59,09-Jan-2004,
56,10222,70.35,19-Feb-2004,
34,10249,69.7,08-May-2004,
24,10262,70.35,24-Jun-2004,
42,10274,72.33,21-Jul-2004,
86,10284,71.67,21-Aug-2004,
90,10296,53.92,15-Sep-2004,
30,10307,71.67,14-Oct-2004,
60,10316,76.93,01-Nov-2004,
87,10328,72.98,12-Nov-2004,
36,10339,99.69,23-Nov-2004,
50,10351,68.38,03-Dec-2004,
21,10361,100,17-Dec-2004,
61,10373,66,31-Jan-2005,
24,10386,63.76,01-Mar-2005,
2,10398,71.67,30-Mar-2005,
62,10400,57.2,01-Apr-2005,
88,10415,69.7,09-May-2005,
78,10110,100,18-Mar-2003,
85,10124,100,21-May-2003,
43,10148,100,11-Sep-2003,
79,10161,100,17-Oct-2003,
14,10172,98.51,05-Nov-2003,
40,10182,100,12-Nov-2003,
41,10192,100,20-Nov-2003,
75,10204,91.02,02-Dec-2003,
24,10212,87.81,16-Jan-2004,
56,10226,92.09,26-Feb-2004,
84,10241,86.73,13-Apr-2004,
75,10267,100,07-Jul-2004,
24,10279,100,09-Aug-2004,
66,10288,100,01-Sep-2004,
86,10301,96.37,05-Oct-2003,
24,10311,92.09,16-Oct-2004,
22,10321,89.95,04-Nov-2004,
78,10332,37.18,17-Nov-2004,
85,10346,95.88,29-Nov-2004,
40,10368,99.58,19-Jan-2005,
24,10380,100,16-Feb-2005,
62,10407,86.73,22-Apr-2005,
21,10420,100,29-May-2005,
49,10105,79.67,11-Feb-2003,
20,10119,90.57,28-Apr-2003,
50,10129,77.99,12-Jun-2003,
51,10143,80.51,10-Aug-2003,
17,10155,67.93,06-Oct-2003,
38,10167,83.86,23-Oct-2003,
52,10178,72.12,08-Nov-2003,
53,10186,85.54,14-Nov-2003,
54,10197,86.38,26-Nov-2003,
55,10209,89.73,09-Jan-2004,
56,10222,80.51,19-Feb-2004,
1,10248,76.31,07-May-2004,
24,10262,87.21,24-Jun-2004,
57,10273,83.02,21-Jul-2004,
58,10283,72.96,20-Aug-2004,
90,10296,77.15,15-Sep-2004,
30,10307,91.41,14-Oct-2004,
60,10316,92.25,01-Nov-2004,
25,10326,92.25,09-Nov-2004,
36,10339,59.36,23-Nov-2004,
24,10350,60.34,02-Dec-2004,
61,10373,100,31-Jan-2005,
40,10385,85.54,28-Feb-2005,
40,10396,90.57,23-Mar-2005,
62,10400,72.96,01-Apr-2005,
59,10414,76.31,06-May-2005,
67,10108,100,03-Mar-2003,
68,10122,100,08-May-2003,
40,10135,100,02-Jul-2003,
42,10147,100,05-Sep-2003,
55,10160,100,11-Oct-2003,
64,10170,100,04-Nov-2003,
8,10181,100,12-Nov-2003,
41,10192,100,20-Nov-2003,
24,10203,100,02-Dec-2003,
24,10212,100,16-Jan-2004,
70,10225,100,22-Feb-2004,
61,10239,100,12-Apr-2004,
23,10253,100,01-Jun-2004,
71,10266,100,06-Jul-2004,
85,10278,100,06-Aug-2004,
70,10287,100,30-Aug-2004,
86,10301,100,05-Oct-2003,
69,10310,100,16-Oct-2004,
22,10321,100,04-Nov-2004,
46,10331,100,17-Nov-2004,
11,10342,100,24-Nov-2004,
24,10355,100,07-Dec-2004,
74,10363,94.58,06-Jan-2005,
24,10378,53.27,10-Feb-2005,
40,10390,100,04-Mar-2005,
84,10405,100,14-Apr-2005,
20,10419,100,17-May-2005,
87,10106,64.83,17-Feb-2003,
20,10119,70.29,28-Apr-2003,
89,10131,81.89,16-Jun-2003,
51,10143,66.19,10-Aug-2003,
17,10155,77.11,06-Oct-2003,
6,10168,73.02,28-Oct-2003,
52,10178,72.33,08-Nov-2003,
67,10198,66.19,27-Nov-2003,
45,10210,69.6,12-Jan-2004,
56,10222,56.64,19-Feb-2004,
58,10235,60.05,02-Apr-2004,
62,10250,75.06,11-May-2004,
24,10262,61.42,24-Jun-2004,
15,10275,81.89,23-Jul-2004,
86,10284,55.96,21-Aug-2004,
90,10296,71.65,15-Sep-2004,
48,10308,76.43,15-Oct-2004,
60,10316,77.79,01-Nov-2004,
87,10328,76.43,12-Nov-2004,
36,10339,96.92,23-Nov-2004,
50,10351,59.37,03-Dec-2004,
21,10361,100,17-Dec-2004,
61,10373,73,31-Jan-2005,
24,10386,73.32,01-Mar-2005,
2,10398,68.24,30-Mar-2005,
13,10401,60.05,03-Apr-2005,
71,10416,75.06,10-May-2005,
41,10100,34.47,06-Jan-2003,
78,10110,34.47,18-Mar-2003,
85,10124,33.23,21-May-2003,
83,10149,38.98,12-Sep-2003,
5,10162,38.98,18-Oct-2003,
87,10173,33.23,05-Nov-2003,
40,10182,42.26,12-Nov-2003,
88,10193,41.03,21-Nov-2003,
75,10204,33.23,02-Dec-2003,
26,10214,34.88,26-Jan-2004,
31,10227,43.9,02-Mar-2004,
80,10242,36.93,20-Apr-2004,
37,10280,41.85,17-Aug-2004,
66,10288,40.62,01-Sep-2004,
82,10303,40.21,06-Oct-2004,
40,10312,35.29,21-Oct-2004,
78,10332,77.24,17-Nov-2004,
85,10346,97.44,29-Nov-2004,
40,10368,37.34,19-Jan-2005,
24,10380,95.03,16-Feb-2005,
36,10408,36.93,22-Apr-2005,
21,10420,43.49,29-May-2005,
24,10104,100,31-Jan-2003,
28,10115,100,04-Apr-2003,
75,10127,96.99,03-Jun-2003,
74,10141,94.62,01-Aug-2003,
29,10152,100,25-Sep-2003,
27,10165,99.36,22-Oct-2003,
71,10176,100,06-Nov-2003,
82,10184,100,14-Nov-2003,
48,10195,100,25-Nov-2003,
65,10207,100,09-Dec-2003,
76,10220,100,12-Feb-2004,
73,10230,100,15-Mar-2004,
24,10246,100,05-May-2004,
40,10271,100,20-Jul-2004,
40,10282,100,20-Aug-2004,
1,10292,100,08-Sep-2004,
16,10305,100,13-Oct-2004,
79,10314,100,22-Oct-2004,
18,10325,100,05-Nov-2004,
63,10336,100,20-Nov-2004,
75,10349,100,01-Dec-2004,
2,10359,100,15-Dec-2004,
40,10371,50.32,23-Jan-2005,
24,10383,93.91,22-Feb-2005,
24,10394,100,15-Mar-2005,
24,10412,100,03-May-2005,
18,10103,100,29-Jan-2003,
9,10111,86.68,25-Mar-2003,
26,10126,100,28-May-2003,
21,10139,100,16-Jul-2003,
83,10149,90.57,12-Sep-2003,
28,10163,91.55,20-Oct-2003,
87,10173,100,05-Nov-2003,
30,10183,100,13-Nov-2003,
88,10193,100,21-Nov-2003,
32,10206,97.39,05-Dec-2003,
33,10215,90.57,29-Jan-2004,
34,10228,100,10-Mar-2004,
24,10244,86.68,29-Apr-2004,
62,10257,78.89,14-Jun-2004,
20,10269,97.39,16-Jul-2004,
37,10280,78.89,17-Aug-2004,
92,10290,100,07-Sep-2004,
39,10304,100,11-Oct-2004,
40,10312,100,21-Oct-2004,
12,10324,100,05-Nov-2004,
9,10333,100,18-Nov-2004,
26,10348,50.31,01-Nov-2004,
24,10358,100,10-Dec-2004,
42,10369,86.92,20-Jan-2005,
40,10382,100,17-Feb-2005,
57,10423,78.89,30-May-2005,
87,10106,63.76,17-Feb-2003,
11,10120,85.49,29-Apr-2003,
24,10133,77.52,27-Jun-2003,
4,10145,84.77,25-Aug-2003,
6,10168,78.25,28-Oct-2003,
45,10210,71,12-Jan-2004,
11,10223,74.62,20-Feb-2004,
58,10235,81.14,02-Apr-2004,
62,10250,74.62,11-May-2004,
14,10263,75.35,28-Jun-2004,
15,10275,62.31,23-Jul-2004,
86,10284,71,21-Aug-2004,
76,10297,72.45,16-Sep-2004,
48,10308,83.32,15-Oct-2004,
6,10317,83.32,02-Nov-2004,
87,10328,60.86,12-Nov-2004,
54,10340,84.77,24-Nov-2004,
89,10353,89.9,04-Dec-2004,
21,10361,62.46,17-Dec-2004,
15,10375,100,03-Feb-2005,
24,10386,63.34,01-Mar-2005,
2,10398,78.25,30-Mar-2005,
13,10401,81.14,03-Apr-2005,
71,10416,74.62,10-May-2005,
67,10108,68.71,03-Mar-2003,
68,10122,71.14,08-May-2003,
40,10135,87.31,02-Jul-2003,
42,10147,64.67,05-Sep-2003,
5,10159,67.1,10-Oct-2003,
43,10169,94.58,04-Nov-2003,
7,10180,71.14,11-Nov-2003,
69,10191,66.29,20-Nov-2003,
10,10211,92.16,15-Jan-2004,
70,10225,70.33,22-Feb-2004,
49,10238,93.77,09-Apr-2004,
10,10252,87.31,26-May-2004,
59,10264,83.27,30-Jun-2004,
72,10276,75.18,02-Aug-2004,
70,10287,88.12,30-Aug-2004,
17,10299,80.84,30-Sep-2004,
69,10310,97.01,16-Oct-2004,
80,10319,85.69,03-Nov-2004,
46,10331,100,17-Nov-2004,
2,10343,100,24-Nov-2004,
24,10355,95.39,07-Dec-2004,
74,10363,100,06-Jan-2005,
24,10378,100,10-Feb-2005,
40,10390,82.42,04-Mar-2005,
18,10103,100,29-Jan-2003,
63,10114,100,01-Apr-2003,
26,10126,96.31,28-May-2003,
6,10140,100,24-Jul-2003,
61,10151,100,21-Sep-2003,
64,10164,100,21-Oct-2003,
50,10175,100,06-Nov-2003,
82,10184,100,14-Nov-2003,
31,10194,97.27,25-Nov-2003,
65,10207,80.9,09-Dec-2003,
66,10217,100,04-Feb-2004,
40,10229,100,11-Mar-2004,
35,10245,100,04-May-2004,
66,10259,86.68,15-Jun-2004,
21,10270,85.72,19-Jul-2004,
19,10281,82.83,19-Aug-2004,
38,10291,83.79,08-Sep-2004,
16,10305,100,13-Oct-2004,
32,10313,87.64,22-Oct-2004,
12,10324,98.18,05-Nov-2004,
40,10335,100,19-Nov-2004,
26,10348,100,01-Nov-2004,
24,10358,100,10-Dec-2004,
40,10371,100,23-Jan-2005,
40,10382,100,17-Feb-2005,
44,10411,100,01-May-2005,
15,10425,86.68,31-May-2005,
1,10107,92.9,24-Feb-2003,
11,10120,100,29-Apr-2003,
24,10133,100,27-Jun-2003,
4,10145,93.9,25-Aug-2003,
6,10168,100,28-Oct-2003,
8,10188,98.89,18-Nov-2003,
45,10210,79.91,12-Jan-2004,
11,10223,100,20-Feb-2004,
58,10235,100,02-Apr-2004,
62,10250,100,11-May-2004,
14,10263,79.91,28-Jun-2004,
15,10275,81.91,23-Jul-2004,
16,10285,98.89,27-Aug-2004,
76,10297,100,16-Sep-2004,
48,10308,79.91,15-Oct-2004,
19,10318,100,02-Nov-2004,
1,10329,63.91,15-Nov-2004,
54,10340,100,24-Nov-2004,
89,10353,81.17,04-Dec-2004,
74,10363,100,06-Jan-2005,
15,10375,100,03-Feb-2005,
27,10387,94.9,02-Mar-2005,
13,10401,100,03-Apr-2005,
71,10416,100,10-May-2005,
67,10108,43.45,03-Mar-2003,
68,10122,44.66,08-May-2003,
40,10135,40.23,02-Jul-2003,
4,10145,35.8,25-Aug-2003,
5,10159,35.4,10-Oct-2003,
43,10169,39.83,04-Nov-2003,
7,10180,45.46,11-Nov-2003,
24,10190,32.99,19-Nov-2003,
10,10211,42.24,15-Jan-2004,
7,10224,39.43,21-Feb-2004,
12,10237,40.23,05-Apr-2004,
10,10252,48.28,26-May-2004,
59,10264,32.59,30-Jun-2004,
72,10276,36.61,02-Aug-2004,
16,10285,41.03,27-Aug-2004,
17,10299,42.24,30-Sep-2004,
69,10310,43.05,16-Oct-2004,
80,10319,38.22,03-Nov-2004,
46,10331,100,17-Nov-2004,
2,10343,100,24-Nov-2004,
24,10355,39.83,07-Dec-2004,
68,10364,48.28,06-Jan-2005,
24,10378,82.46,10-Feb-2005,
40,10390,44.56,04-Mar-2005,
23,10403,40.23,08-Apr-2005,
24,10104,47.62,31-Jan-2003,
63,10114,55.73,01-Apr-2003,
75,10127,51.95,03-Jun-2003,
74,10141,45.99,01-Aug-2003,
61,10151,63.85,21-Sep-2003,
27,10165,45.99,22-Oct-2003,
50,10175,63.31,06-Nov-2003,
82,10184,62.77,14-Nov-2003,
48,10195,43.29,25-Nov-2003,
65,10207,60.06,09-Dec-2003,
83,10219,55.19,10-Feb-2004,
40,10229,54.11,11-Mar-2004,
24,10246,48.7,05-May-2004,
66,10259,43.83,15-Jun-2004,
40,10271,47.62,20-Jul-2004,
19,10281,55.19,19-Aug-2004,
1,10292,46.53,08-Sep-2004,
16,10305,57.9,13-Oct-2004,
32,10313,45.45,22-Oct-2004,
18,10325,100,05-Nov-2004,
40,10335,60.6,19-Nov-2004,
75,10349,46.53,01-Dec-2004,
2,10359,100,15-Dec-2004,
40,10371,66.47,23-Jan-2005,
24,10383,53.18,22-Feb-2005,
24,10394,62.77,15-Mar-2005,
24,10412,48.7,03-May-2005,
15,10425,43.83,31-May-2005,
24,10104,65.87,31-Jan-2003,
91,10116,63.38,11-Apr-2003,
75,10127,70.84,03-Jun-2003,
40,10142,74.57,08-Aug-2003,
29,10152,50.95,25-Sep-2003,
27,10165,53.44,22-Oct-2003,
71,10176,64,06-Nov-2003,
82,10184,50.95,14-Nov-2003,
48,10195,54.68,25-Nov-2003,
65,10207,56.55,09-Dec-2003,
76,10220,52.82,12-Feb-2004,
73,10230,60.9,15-Mar-2004,
74,10247,49.71,05-May-2004,
19,10272,64.63,20-Jul-2004,
40,10282,59.65,20-Aug-2004,
1,10292,67.73,08-Sep-2004,
78,10306,50.33,14-Oct-2004,
79,10314,66.49,22-Oct-2004,
18,10325,100,05-Nov-2004,
63,10336,84.71,20-Nov-2004,
24,10350,100,02-Dec-2004,
2,10359,100,15-Dec-2004,
40,10371,99.55,23-Jan-2005,
24,10383,36.07,22-Feb-2005,
24,10394,60.28,15-Mar-2005,
14,10413,49.71,05-May-2005,
18,10103,75.63,29-Jan-2003,
40,10113,68.52,26-Mar-2003,
26,10126,62.7,28-May-2003,
6,10140,60.76,24-Jul-2003,
27,10150,58.18,19-Sep-2003,
64,10164,54.94,21-Oct-2003,
50,10175,74.98,06-Nov-2003,
30,10183,64.64,13-Nov-2003,
31,10194,54.94,25-Nov-2003,
32,10206,58.82,05-Dec-2003,
66,10217,62.05,04-Feb-2004,
40,10229,73.04,11-Mar-2004,
35,10245,69.16,04-May-2004,
36,10258,61.41,15-Jun-2004,
21,10270,63.35,19-Jul-2004,
19,10281,77.57,19-Aug-2004,
38,10291,71.75,08-Sep-2004,
39,10304,73.04,11-Oct-2004,
32,10313,56.24,22-Oct-2004,
12,10324,100,05-Nov-2004,
9,10333,73.69,18-Nov-2004,
26,10348,100,01-Nov-2004,
24,10358,100,10-Dec-2004,
43,10370,100,20-Jan-2005,
40,10382,100,17-Feb-2005,
44,10411,69.16,01-May-2005,
24,10424,61.41,31-May-2005,
87,10106,72.92,17-Feb-2003,
11,10120,72.23,29-Apr-2003,
24,10133,57.1,27-Jun-2003,
91,10144,81.86,13-Aug-2003,
6,10168,73.61,28-Oct-2003,
45,10210,59.16,12-Jan-2004,
11,10223,66.04,20-Feb-2004,
58,10235,77.73,02-Apr-2004,
62,10250,61.22,11-May-2004,
24,10262,79.11,24-Jun-2004,
15,10275,63.97,23-Jul-2004,
86,10284,81.86,21-Aug-2004,
76,10297,79.8,16-Sep-2004,
48,10308,66.04,15-Oct-2004,
60,10316,59.16,01-Nov-2004,
87,10328,81.17,12-Nov-2004,
54,10340,59.16,24-Nov-2004,
89,10353,44.51,04-Dec-2004,
21,10361,72.33,17-Dec-2004,
15,10375,82.26,03-Feb-2005,
22,10388,100,03-Mar-2005,
2,10398,67.41,30-Mar-2005,
13,10401,77.73,03-Apr-2005,
71,10416,61.22,10-May-2005,
67,10108,100,03-Mar-2003,
2,10121,86.74,07-May-2003,
40,10135,89.8,02-Jul-2003,
4,10145,100,25-Aug-2003,
5,10159,100,10-Oct-2003,
43,10169,100,04-Nov-2003,
7,10180,100,11-Nov-2003,
24,10190,85.72,19-Nov-2003,
10,10211,100,15-Jan-2004,
7,10224,100,21-Feb-2004,
12,10237,100,05-Apr-2004,
10,10252,100,26-May-2004,
59,10264,97.97,30-Jun-2004,
72,10276,100,02-Aug-2004,
16,10285,100,27-Aug-2004,
17,10299,100,30-Sep-2004,
18,10309,84.7,15-Oct-2004,
80,10319,100,03-Nov-2004,
46,10331,100,17-Nov-2004,
20,10341,71.02,24-Nov-2004,
24,10355,100,07-Dec-2004,
51,10365,100,07-Jan-2005,
15,10375,100,03-Feb-2005,
40,10390,48.98,04-Mar-2005,
23,10403,100,08-Apr-2005,
87,10106,40.15,17-Feb-2003,
11,10120,50.62,29-Apr-2003,
24,10133,50.19,27-Jun-2003,
51,10143,36.66,10-Aug-2003,
24,10156,41.02,08-Oct-2003,
6,10168,51.93,28-Oct-2003,
33,10199,38.4,01-Dec-2003,
45,10210,41.02,12-Jan-2004,
11,10223,46.26,20-Feb-2004,
58,10235,35.35,02-Apr-2004,
62,10250,51.93,11-May-2004,
24,10262,37.97,24-Jun-2004,
15,10275,45.39,23-Jul-2004,
86,10284,51.93,21-Aug-2004,
90,10296,48.44,15-Sep-2004,
48,10308,43.64,15-Oct-2004,
60,10316,47.57,01-Nov-2004,
87,10328,51.93,12-Nov-2004,
54,10340,50.62,24-Nov-2004,
89,10353,82.21,04-Dec-2004,
21,10361,82.59,17-Dec-2004,
15,10375,65.8,03-Feb-2005,
22,10388,100,03-Mar-2005,
2,10398,36.66,30-Mar-2005,
13,10401,35.35,03-Apr-2005,
71,10416,51.93,10-May-2005,
24,10104,100,31-Jan-2003,
28,10115,100,04-Apr-2003,
75,10127,100,03-Jun-2003,
74,10141,100,01-Aug-2003,
61,10151,100,21-Sep-2003,
27,10165,94.92,22-Oct-2003,
71,10176,100,06-Nov-2003,
82,10184,100,14-Nov-2003,
48,10195,100,25-Nov-2003,
65,10207,94.92,09-Dec-2003,
76,10220,100,12-Feb-2004,
73,10230,100,15-Mar-2004,
24,10246,100,05-May-2004,
66,10259,100,15-Jun-2004,
40,10271,98.39,20-Jul-2004,
40,10282,100,20-Aug-2004,
1,10292,100,08-Sep-2004,
16,10305,100,13-Oct-2004,
79,10314,100,22-Oct-2004,
18,10325,100,05-Nov-2004,
63,10336,100,20-Nov-2004,
24,10350,71.4,02-Dec-2004,
2,10359,100,15-Dec-2004,
40,10371,56.55,23-Jan-2005,
24,10383,100,22-Feb-2005,
3,10395,100,17-Mar-2005,
24,10412,100,03-May-2005,
15,10425,100,31-May-2005,
24,10104,53.31,31-Jan-2003,
27,10117,49.21,16-Apr-2003,
75,10127,69.12,03-Jun-2003,
40,10142,49.79,08-Aug-2003,
24,10153,57.41,28-Sep-2003,
27,10165,66.78,22-Oct-2003,
71,10176,64.44,06-Nov-2003,
51,10185,48.62,14-Nov-2003,
35,10196,62.09,26-Nov-2003,
31,10208,65.61,02-Jan-2004,
76,10220,68.54,12-Feb-2004,
73,10230,52.14,15-Mar-2004,
74,10247,63.85,05-May-2004,
19,10272,56.82,20-Jul-2004,
40,10282,66.78,20-Aug-2004,
1,10292,55.07,08-Sep-2004,
78,10306,60.34,14-Oct-2004,
79,10314,61.51,22-Oct-2004,
18,10325,100,05-Nov-2004,
28,10337,100,21-Nov-2004,
24,10350,100,02-Dec-2004,
2,10359,64.93,15-Dec-2004,
36,10372,58.58,26-Jan-2005,
24,10383,60.06,22-Feb-2005,
3,10395,100,17-Mar-2005,
14,10413,63.85,05-May-2005,
67,10108,82.99,03-Mar-2003,
2,10121,74.85,07-May-2003,
40,10135,96,02-Jul-2003,
4,10145,81.36,25-Aug-2003,
5,10159,71.6,10-Oct-2003,
43,10169,80.55,04-Nov-2003,
7,10180,93.56,11-Nov-2003,
24,10190,66.72,19-Nov-2003,
10,10211,80.55,15-Jan-2004,
7,10224,77.29,21-Feb-2004,
12,10237,68.34,05-Apr-2004,
10,10252,72.41,26-May-2004,
59,10264,89.5,30-Jun-2004,
72,10276,70.78,02-Aug-2004,
16,10285,78.92,27-Aug-2004,
17,10299,80.55,30-Sep-2004,
18,10309,88.68,15-Oct-2004,
80,10319,77.29,03-Nov-2004,
46,10331,100,17-Nov-2004,
20,10341,100,24-Nov-2004,
3,10356,100,09-Dec-2004,
51,10365,100,07-Jan-2005,
15,10375,100,03-Feb-2005,
40,10390,100,04-Mar-2005,
23,10403,68.34,08-Apr-2005,
49,10105,70.67,11-Feb-2003,
20,10119,76.67,28-Apr-2003,
50,10129,60,12-Jun-2003,
40,10142,64,08-Aug-2003,
24,10153,64.67,28-Sep-2003,
38,10167,75.34,23-Oct-2003,
77,10177,76,07-Nov-2003,
51,10185,54,14-Nov-2003,
54,10197,64.67,26-Nov-2003,
31,10208,74.67,02-Jan-2004,
56,10222,62.67,19-Feb-2004,
13,10233,70.67,29-Mar-2004,
1,10248,71.34,07-May-2004,
44,10261,62,17-Jun-2004,
57,10273,65.34,21-Jul-2004,
58,10283,78.67,20-Aug-2004,
59,10295,75.34,10-Sep-2004,
78,10306,54,14-Oct-2004,
15,10315,62,29-Oct-2004,
25,10326,60,09-Nov-2004,
36,10339,100,23-Nov-2004,
24,10350,76.67,02-Dec-2004,
61,10373,100,31-Jan-2005,
40,10385,77.34,28-Feb-2005,
40,10396,66.67,23-Mar-2005,
59,10414,71.34,06-May-2005,
87,10106,100,17-Feb-2003,
11,10120,82.21,29-Apr-2003,
24,10133,77.64,27-Jun-2003,
51,10143,100,10-Aug-2003,
24,10156,100,08-Oct-2003,
6,10168,98.65,28-Oct-2003,
33,10199,83.12,01-Dec-2003,
45,10210,78.55,12-Jan-2004,
11,10223,100,20-Feb-2004,
58,10235,100,02-Apr-2004,
62,10250,91.34,11-May-2004,
24,10262,84.03,24-Jun-2004,
15,10275,89.51,23-Jul-2004,
86,10284,83.12,21-Aug-2004,
90,10296,100,15-Sep-2004,
48,10308,100,15-Oct-2004,
60,10316,82.21,01-Nov-2004,
87,10328,100,12-Nov-2004,
54,10340,88.6,24-Nov-2004,
89,10353,100,04-Dec-2004,
21,10361,60.54,17-Dec-2004,
15,10375,81.87,03-Feb-2005,
22,10388,100,03-Mar-2005,
2,10398,87.69,30-Mar-2005,
13,10401,100,03-Apr-2005,
71,10416,91.34,10-May-2005,
49,10105,70.15,11-Feb-2003,
27,10117,79.68,16-Apr-2003,
24,10128,97,06-Jun-2003,
40,10142,84.01,08-Aug-2003,
24,10153,87.48,28-Sep-2003,
22,10166,100,21-Oct-2003,
77,10177,88.34,07-Nov-2003,
51,10185,94.4,14-Nov-2003,
35,10196,94.4,26-Nov-2003,
31,10208,80.55,02-Jan-2004,
57,10221,97,18-Feb-2004,
60,10232,88.34,20-Mar-2004,
1,10248,100,07-May-2004,
57,10273,100,21-Jul-2004,
40,10282,86.61,20-Aug-2004,
37,10293,71.89,09-Sep-2004,
78,10306,91.81,14-Oct-2004,
79,10314,76.22,22-Oct-2004,
49,10327,100,10-Nov-2004,
28,10337,70.3,21-Nov-2004,
24,10350,100,02-Dec-2004,
36,10372,100,26-Jan-2005,
5,10384,100,23-Feb-2005,
52,10397,80.55,28-Mar-2005,
59,10414,100,06-May-2005,
87,10106,100,17-Feb-2003,
20,10119,94.14,28-Apr-2003,
89,10131,85.99,16-Jun-2003,
51,10143,100,10-Aug-2003,
17,10155,91.43,06-Oct-2003,
38,10167,100,23-Oct-2003,
52,10178,96.86,08-Nov-2003,
53,10186,99.57,14-Nov-2003,
54,10197,90.52,26-Nov-2003,
55,10209,88.71,09-Jan-2004,
56,10222,100,19-Feb-2004,
34,10249,95.95,08-May-2004,
24,10262,94.14,24-Jun-2004,
42,10274,90.52,21-Jul-2004,
58,10283,94.14,20-Aug-2004,
90,10296,100,15-Sep-2004,
30,10307,97.76,14-Oct-2004,
60,10316,93.24,01-Nov-2004,
87,10328,100,12-Nov-2004,
36,10339,71.25,23-Nov-2004,
92,10352,100,03-Dec-2004,
21,10361,45.39,17-Dec-2004,
61,10373,84.41,31-Jan-2005,
24,10386,85.76,01-Mar-2005,
2,10398,100,30-Mar-2005,
62,10400,87.8,01-Apr-2005,
88,10415,95.95,09-May-2005,
87,10106,100,17-Feb-2003,
11,10120,100,29-Apr-2003,
89,10131,100,16-Jun-2003,
51,10143,82.77,10-Aug-2003,
17,10155,100,06-Oct-2003,
6,10168,100,28-Oct-2003,
52,10178,87.75,08-Nov-2003,
67,10198,100,27-Nov-2003,
45,10210,99.72,12-Jan-2004,
56,10222,87.75,19-Feb-2004,
58,10235,88.75,02-Apr-2004,
62,10250,100,11-May-2004,
24,10262,90.75,24-Jun-2004,
15,10275,100,23-Jul-2004,
86,10284,100,21-Aug-2004,
90,10296,100,15-Sep-2004,
48,10308,88.75,15-Oct-2004,
60,10316,100,01-Nov-2004,
87,10328,100,12-Nov-2004,
54,10340,87.75,24-Nov-2004,
92,10352,100,03-Dec-2004,
21,10361,100,17-Dec-2004,
15,10375,100,03-Feb-2005,
24,10386,83.84,01-Mar-2005,
2,10398,86.76,30-Mar-2005,
13,10401,88.75,03-Apr-2005,
71,10416,100,10-May-2005,
49,10105,65.77,11-Feb-2003,
20,10119,65.77,28-Apr-2003,
50,10129,85.29,12-Jun-2003,
51,10143,85.29,10-Aug-2003,
81,10154,64.33,02-Oct-2003,
38,10167,70.11,23-Oct-2003,
77,10177,76.62,07-Nov-2003,
51,10185,57.82,14-Nov-2003,
54,10197,78.79,26-Nov-2003,
31,10208,74.45,02-Jan-2004,
56,10222,80.95,19-Feb-2004,
13,10233,82.4,29-Mar-2004,
1,10248,75.89,07-May-2004,
44,10261,68.67,17-Jun-2004,
57,10273,62.16,21-Jul-2004,
58,10283,65.77,20-Aug-2004,
59,10295,58.55,10-Sep-2004,
78,10306,75.17,14-Oct-2004,
60,10316,74.45,01-Nov-2004,
49,10327,96.31,10-Nov-2004,
36,10339,74.35,23-Nov-2004,
24,10350,75.35,02-Dec-2004,
61,10373,70.33,31-Jan-2005,
24,10386,100,01-Mar-2005,
52,10397,66.5,28-Mar-2005,
59,10414,75.89,06-May-2005,
18,10103,100,29-Jan-2003,
63,10114,100,01-Apr-2003,
26,10126,100,28-May-2003,
6,10140,100,24-Jul-2003,
27,10150,100,19-Sep-2003,
64,10164,81.93,21-Oct-2003,
50,10175,85.98,06-Nov-2003,
30,10183,86.99,13-Nov-2003,
31,10194,89.01,25-Nov-2003,
32,10206,100,05-Dec-2003,
66,10217,88,04-Feb-2004,
40,10229,100,11-Mar-2004,
35,10245,100,04-May-2004,
36,10258,80.92,15-Jun-2004,
21,10270,88,19-Jul-2004,
19,10281,85.98,19-Aug-2004,
38,10291,100,08-Sep-2004,
39,10304,100,11-Oct-2004,
32,10313,99.13,22-Oct-2004,
12,10324,100,05-Nov-2004,
63,10336,100,20-Nov-2004,
26,10348,82.83,01-Nov-2004,
24,10358,100,10-Dec-2004,
40,10371,100,23-Jan-2005,
40,10382,54.84,17-Feb-2005,
44,10411,100,01-May-2005,
24,10424,80.92,31-May-2005,
87,10106,100,17-Feb-2003,
11,10120,100,29-Apr-2003,
24,10133,99.67,27-Jun-2003,
4,10145,100,25-Aug-2003,
6,10168,100,28-Oct-2003,
8,10188,100,18-Nov-2003,
45,10210,100,12-Jan-2004,
11,10223,100,20-Feb-2004,
58,10235,96.11,02-Apr-2004,
62,10250,100,11-May-2004,
14,10263,100,28-Jun-2004,
15,10275,100,23-Jul-2004,
16,10285,100,27-Aug-2004,
76,10297,100,16-Sep-2004,
48,10308,100,15-Oct-2004,
19,10318,100,02-Nov-2004,
87,10328,100,12-Nov-2004,
54,10340,100,24-Nov-2004,
89,10353,68.8,04-Dec-2004,
21,10361,72.42,17-Dec-2004,
15,10375,66.73,03-Feb-2005,
22,10388,100,03-Mar-2005,
2,10398,100,30-Mar-2005,
13,10401,96.11,03-Apr-2005,
71,10416,100,10-May-2005,
87,10106,74.4,17-Feb-2003,
11,10120,76,29-Apr-2003,
51,10143,96,10-Aug-2003,
17,10155,86.4,06-Oct-2003,
6,10168,96,28-Oct-2003,
33,10199,82.4,01-Dec-2003,
45,10210,86.4,12-Jan-2004,
11,10223,67.2,20-Feb-2004,
58,10235,92,02-Apr-2004,
62,10250,67.2,11-May-2004,
24,10262,76,24-Jun-2004,
15,10275,73.6,23-Jul-2004,
86,10284,69.6,21-Aug-2004,
90,10296,80.8,15-Sep-2004,
48,10308,87.2,15-Oct-2004,
60,10316,75.2,01-Nov-2004,
87,10328,64,12-Nov-2004,
20,10341,100,24-Nov-2004,
89,10353,81.95,04-Dec-2004,
21,10361,100,17-Dec-2004,
15,10375,100,03-Feb-2005,
24,10386,94.34,01-Mar-2005,
2,10398,65.6,30-Mar-2005,
13,10401,92,03-Apr-2005,
71,10416,67.2,10-May-2005,
49,10105,81.14,11-Feb-2003,
54,10118,100,21-Apr-2003,
50,10129,91.15,12-Jun-2003,
40,10142,100,08-Aug-2003,
24,10153,88.15,28-Sep-2003,
38,10167,100,23-Oct-2003,
77,10177,92.16,07-Nov-2003,
51,10185,100,14-Nov-2003,
54,10197,92.16,26-Nov-2003,
31,10208,100,02-Jan-2004,
56,10222,100,19-Feb-2004,
60,10232,96.16,20-Mar-2004,
1,10248,100,07-May-2004,
44,10261,88.15,17-Jun-2004,
57,10273,86.15,21-Jul-2004,
58,10283,88.15,20-Aug-2004,
59,10295,100,10-Sep-2004,
78,10306,90.15,14-Oct-2004,
15,10315,86.15,29-Oct-2004,
49,10327,80,10-Nov-2004,
28,10337,89.38,21-Nov-2004,
24,10350,77.34,02-Dec-2004,
61,10373,96.34,31-Jan-2005,
24,10386,92.08,01-Mar-2005,
52,10397,100,28-Mar-2005,
59,10414,100,06-May-2005,
49,10105,100,11-Feb-2003,
27,10117,83.42,16-Apr-2003,
50,10129,85.41,12-Jun-2003,
40,10142,85.41,08-Aug-2003,
24,10153,100,28-Sep-2003,
38,10167,100,23-Oct-2003,
77,10177,100,07-Nov-2003,
51,10185,79.45,14-Nov-2003,
54,10197,93.35,26-Nov-2003,
31,10208,85.41,02-Jan-2004,
56,10222,95.34,19-Feb-2004,
60,10232,82.43,20-Mar-2004,
1,10248,90.37,07-May-2004,
44,10261,81.43,17-Jun-2004,
57,10273,100,21-Jul-2004,
58,10283,89.38,20-Aug-2004,
72,10294,100,10-Sep-2004,
78,10306,100,14-Oct-2004,
15,10315,91.37,29-Oct-2004,
49,10327,86.61,10-Nov-2004,
28,10337,71.89,21-Nov-2004,
24,10350,100,02-Dec-2004,
61,10373,100,31-Jan-2005,
24,10386,95.48,01-Mar-2005,
52,10397,100,28-Mar-2005,
59,10414,90.37,06-May-2005,
87,10106,61.44,17-Feb-2003,
20,10119,59.22,28-Apr-2003,
89,10131,85.13,16-Jun-2003,
51,10143,85.87,10-Aug-2003,
17,10155,85.87,06-Oct-2003,
6,10168,82.91,28-Oct-2003,
52,10178,76.25,08-Nov-2003,
67,10198,63.67,27-Nov-2003,
45,10210,70.33,12-Jan-2004,
56,10222,74.03,19-Feb-2004,
58,10235,72.55,02-Apr-2004,
62,10250,62.19,11-May-2004,
24,10262,71.07,24-Jun-2004,
15,10275,72.55,23-Jul-2004,
86,10284,64.41,21-Aug-2004,
90,10296,86.62,15-Sep-2004,
48,10308,68.11,15-Oct-2004,
60,10316,62.19,01-Nov-2004,
87,10328,85.87,12-Nov-2004,
36,10339,57.86,23-Nov-2004,
92,10352,75.51,03-Dec-2004,
21,10361,100,17-Dec-2004,
61,10373,55.62,31-Jan-2005,
24,10386,86.4,01-Mar-2005,
2,10398,87.36,30-Mar-2005,
13,10401,72.55,03-Apr-2005,
71,10416,62.19,10-May-2005,
87,10106,52.64,17-Feb-2003,
20,10119,48.17,28-Apr-2003,
89,10131,41.71,16-Jun-2003,
51,10143,50.65,10-Aug-2003,
17,10155,49.16,06-Oct-2003,
38,10167,41.71,23-Oct-2003,
52,10178,51.15,08-Nov-2003,
53,10186,52.14,14-Nov-2003,
54,10197,41.71,26-Nov-2003,
55,10209,44.69,09-Jan-2004,
56,10222,45.69,19-Feb-2004,
34,10249,57.61,08-May-2004,
24,10262,57.11,24-Jun-2004,
42,10274,58.6,21-Jul-2004,
58,10283,57.61,20-Aug-2004,
90,10296,45.19,15-Sep-2004,
30,10307,53.63,14-Oct-2004,
60,10316,43.7,01-Nov-2004,
1,10329,86.13,15-Nov-2004,
36,10339,76.31,23-Nov-2004,
92,10352,52.64,03-Dec-2004,
21,10361,95.2,17-Dec-2004,
61,10373,64.97,31-Jan-2005,
24,10386,87.15,01-Mar-2005,
2,10398,40.22,30-Mar-2005,
62,10400,56.12,01-Apr-2005,
88,10415,57.61,09-May-2005,
49,10105,56.78,11-Feb-2003,
27,10117,43.68,16-Apr-2003,
50,10129,64.97,12-Jun-2003,
40,10142,44.23,08-Aug-2003,
24,10153,60.06,28-Sep-2003,
38,10167,48.59,23-Oct-2003,
77,10177,50.23,07-Nov-2003,
51,10185,64.43,14-Nov-2003,
54,10197,50.23,26-Nov-2003,
31,10208,63.88,02-Jan-2004,
56,10222,63.34,19-Feb-2004,
60,10232,49.69,20-Mar-2004,
1,10248,65.52,07-May-2004,
44,10261,50.78,17-Jun-2004,
57,10273,45.86,21-Jul-2004,
58,10283,51.32,20-Aug-2004,
37,10293,60.06,09-Sep-2004,
78,10306,59.51,14-Oct-2004,
15,10315,55.69,29-Oct-2004,
49,10327,86.74,10-Nov-2004,
28,10337,97.16,21-Nov-2004,
24,10350,100,02-Dec-2004,
61,10373,100,31-Jan-2005,
24,10386,100,01-Mar-2005,
52,10397,62.24,28-Mar-2005,
59,10414,65.52,06-May-2005,
