INVOICE_CODE,ITEM_CODE,AMOUNT,QUANTITY
10107,S10_1678,95.7,30,
10121,S10_1678,81.35,34,
10134,S10_1678,94.74,41,
10145,S10_1678,83.26,45,
10159,S10_1678,100,49,
10168,S10_1678,96.66,36,
10180,S10_1678,86.13,29,
10188,S10_1678,100,48,
10201,S10_1678,98.57,22,
10211,S10_1678,100,41,
10223,S10_1678,100,37,
10237,S10_1678,100,23,
10251,S10_1678,100,28,
10263,S10_1678,100,34,
10275,S10_1678,92.83,45,
10285,S10_1678,100,36,
10299,S10_1678,100,23,
10309,S10_1678,100,41,
10318,S10_1678,94.74,46,
10329,S10_1678,100,42,
10341,S10_1678,100,41,
10361,S10_1678,72.55,20,
10375,S10_1678,34.91,21,
10388,S10_1678,76.36,42,
10403,S10_1678,100,24,
10417,S10_1678,100,66,
10103,S10_1949,100,26,
10112,S10_1949,100,29,
10126,S10_1949,100,38,
10140,S10_1949,100,37,
10150,S10_1949,100,45,
10163,S10_1949,100,21,
10174,S10_1949,100,34,
10183,S10_1949,100,23,
10194,S10_1949,100,42,
10206,S10_1949,100,47,
10215,S10_1949,100,35,
10228,S10_1949,100,29,
10245,S10_1949,100,34,
10258,S10_1949,100,32,
10270,S10_1949,100,21,
10280,S10_1949,100,34,
10291,S10_1949,100,37,
10304,S10_1949,100,47,
10312,S10_1949,100,48,
10322,S10_1949,100,40,
10333,S10_1949,100,26,
10347,S10_1949,100,30,
10357,S10_1949,100,32,
10369,S10_1949,100,41,
10381,S10_1949,100,36,
10391,S10_1949,100,24,
10411,S10_1949,100,23,
10424,S10_1949,100,50,
10107,S10_2016,99.91,39,
10120,S10_2016,96.34,29,
10134,S10_2016,100,27,
10145,S10_2016,100,37,
10159,S10_2016,100,37,
10168,S10_2016,100,27,
10180,S10_2016,100,42,
10188,S10_2016,96.34,38,
10201,S10_2016,100,24,
10210,S10_2016,100,23,
10223,S10_2016,100,47,
10236,S10_2016,100,22,
10251,S10_2016,100,44,
10263,S10_2016,100,40,
10275,S10_2016,100,22,
10285,S10_2016,100,47,
10298,S10_2016,96.34,39,
10308,S10_2016,100,34,
10318,S10_2016,100,45,
10329,S10_2016,100,20,
10339,S10_2016,68.92,40,
10361,S10_2016,51.15,26,
10374,S10_2016,100,39,
10388,S10_2016,44.51,50,
10402,S10_2016,100,45,
10417,S10_2016,100,45,
10107,S10_4698,100,27,
10120,S10_4698,100,46,
10134,S10_4698,100,31,
10145,S10_4698,100,33,
10159,S10_4698,100,22,
10168,S10_4698,100,20,
10180,S10_4698,100,41,
10188,S10_4698,100,45,
10201,S10_4698,100,49,
10210,S10_4698,100,34,
10223,S10_4698,100,49,
10237,S10_4698,100,39,
10251,S10_4698,100,43,
10263,S10_4698,100,41,
10275,S10_4698,100,36,
10285,S10_4698,100,27,
10299,S10_4698,100,29,
10308,S10_4698,100,20,
10318,S10_4698,100,37,
10329,S10_4698,100,26,
10339,S10_4698,76.67,39,
10362,S10_4698,100,22,
10374,S10_4698,100,22,
10388,S10_4698,86.77,21,
10403,S10_4698,100,66,
10417,S10_4698,100,56,
10105,S10_4757,100,50,
10119,S10_4757,100,46,
10129,S10_4757,100,33,
10143,S10_4757,100,49,
10155,S10_4757,100,32,
10167,S10_4757,100,44,
10178,S10_4757,100,24,
10186,S10_4757,100,26,
10197,S10_4757,100,45,
10209,S10_4757,100,39,
10222,S10_4757,100,49,
10248,S10_4757,100,20,
10261,S10_4757,100,27,
10273,S10_4757,100,30,
10283,S10_4757,100,25,
10295,S10_4757,100,24,
10307,S10_4757,100,22,
10316,S10_4757,100,33,
10325,S10_4757,64.93,47,
10337,S10_4757,48.05,25,
10350,S10_4757,75.47,26,
10359,S10_4757,54.68,48,
10373,S10_4757,100,39,
10384,S10_4757,100,34,
10395,S10_4757,100,32,
10400,S10_4757,100,64,
10414,S10_4757,100,19,
10103,S10_4962,100,42,
10114,S10_4962,100,31,
10126,S10_4962,100,22,
10140,S10_4962,100,26,
10150,S10_4962,100,20,
10164,S10_4962,100,21,
10175,S10_4962,100,33,
10183,S10_4962,100,28,
10194,S10_4962,100,26,
10207,S10_4962,100,31,
10217,S10_4962,100,48,
10229,S10_4962,100,50,
10245,S10_4962,100,28,
10259,S10_4962,100,26,
10270,S10_4962,100,32,
10281,S10_4962,100,44,
10291,S10_4962,100,30,
10305,S10_4962,100,38,
10313,S10_4962,100,40,
10322,S10_4962,61.99,46,
10334,S10_4962,100,26,
10347,S10_4962,100,27,
10357,S10_4962,100,43,
10370,S10_4962,65.63,35,
10381,S10_4962,100,37,
10391,S10_4962,46.9,37,
10411,S10_4962,100,27,
10425,S10_4962,100,38,
10108,S12_1099,100,33,
10122,S12_1099,100,42,
10135,S12_1099,100,42,
10147,S12_1099,100,48,
10159,S12_1099,100,41,
10169,S12_1099,100,30,
10181,S12_1099,100,27,
10191,S12_1099,100,21,
10203,S12_1099,100,20,
10211,S12_1099,100,41,
10225,S12_1099,100,27,
10238,S12_1099,100,28,
10253,S12_1099,100,24,
10266,S12_1099,100,44,
10276,S12_1099,100,50,
10287,S12_1099,100,21,
10300,S12_1099,100,33,
10310,S12_1099,100,33,
10320,S12_1099,100,31,
10329,S12_1099,71.47,41,
10341,S12_1099,79.65,45,
10363,S12_1099,85.39,33,
10375,S12_1099,76,45,
10389,S12_1099,99.04,26,
10419,S12_1099,100,12,
10105,S12_1108,100,41,
10117,S12_1108,100,33,
10127,S12_1108,100,46,
10142,S12_1108,100,33,
10153,S12_1108,100,20,
10165,S12_1108,100,44,
10176,S12_1108,100,33,
10185,S12_1108,100,21,
10196,S12_1108,100,47,
10208,S12_1108,100,46,
10220,S12_1108,100,32,
10231,S12_1108,100,42,
10247,S12_1108,100,44,
10272,S12_1108,100,35,
10282,S12_1108,100,41,
10293,S12_1108,100,46,
10306,S12_1108,100,31,
10314,S12_1108,100,38,
10325,S12_1108,64,42,
10336,S12_1108,57.22,33,
10348,S12_1108,52.36,48,
10359,S12_1108,100,42,
10371,S12_1108,100,32,
10382,S12_1108,100,34,
10395,S12_1108,69.12,33,
10413,S12_1108,100,36,
10103,S12_1666,100,27,
10113,S12_1666,100,21,
10126,S12_1666,100,21,
10140,S12_1666,100,38,
10150,S12_1666,100,30,
10164,S12_1666,100,49,
10174,S12_1666,100,43,
10183,S12_1666,100,41,
10194,S12_1666,100,38,
10206,S12_1666,100,28,
10216,S12_1666,100,43,
10229,S12_1666,100,25,
10245,S12_1666,100,38,
10258,S12_1666,100,41,
10270,S12_1666,100,28,
10281,S12_1666,100,25,
10291,S12_1666,100,41,
10304,S12_1666,100,39,
10313,S12_1666,100,21,
10322,S12_1666,100,27,
10333,S12_1666,99.21,33,
10347,S12_1666,100,29,
10357,S12_1666,100,49,
10370,S12_1666,100,49,
10381,S12_1666,100,20,
10391,S12_1666,63.2,39,
10411,S12_1666,100,40,
10424,S12_1666,100,49,
10107,S12_2823,100,21,
10121,S12_2823,100,50,
10134,S12_2823,100,20,
10145,S12_2823,100,49,
10159,S12_2823,100,38,
10169,S12_2823,100,35,
10180,S12_2823,100,40,
10189,S12_2823,100,28,
10201,S12_2823,100,25,
10211,S12_2823,100,36,
10224,S12_2823,100,43,
10237,S12_2823,100,32,
10251,S12_2823,100,46,
10263,S12_2823,100,48,
10276,S12_2823,100,43,
10285,S12_2823,100,49,
10299,S12_2823,100,24,
10309,S12_2823,100,26,
10319,S12_2823,100,30,
10329,S12_2823,100,24,
10341,S12_2823,100,55,
10362,S12_2823,100,22,
10375,S12_2823,78.92,49,
10388,S12_2823,100,44,
10403,S12_2823,100,66,
10417,S12_2823,100,21,
10104,S12_3148,100,34,
10117,S12_3148,100,43,
10127,S12_3148,100,46,
10142,S12_3148,100,33,
10153,S12_3148,100,42,
10165,S12_3148,100,34,
10176,S12_3148,100,47,
10185,S12_3148,100,33,
10196,S12_3148,100,24,
10208,S12_3148,100,26,
10220,S12_3148,100,30,
10230,S12_3148,100,43,
10247,S12_3148,100,25,
10272,S12_3148,100,27,
10282,S12_3148,100,27,
10293,S12_3148,100,24,
10306,S12_3148,100,34,
10314,S12_3148,100,46,
10324,S12_3148,54.33,27,
10336,S12_3148,100,33,
10348,S12_3148,100,47,
10358,S12_3148,55.34,49,
10372,S12_3148,100,40,
10382,S12_3148,100,37,
10413,S12_3148,100,47,
10108,S12_3380,100,45,
10122,S12_3380,99.82,37,
10135,S12_3380,100,48,
10147,S12_3380,100,31,
10160,S12_3380,100,46,
10170,S12_3380,100,47,
10181,S12_3380,100,28,
10191,S12_3380,100,40,
10203,S12_3380,100,20,
10212,S12_3380,100,39,
10225,S12_3380,99.82,25,
10238,S12_3380,100,29,
10253,S12_3380,100,22,
10266,S12_3380,100,22,
10276,S12_3380,100,47,
10287,S12_3380,100,45,
10300,S12_3380,100,29,
10310,S12_3380,100,24,
10320,S12_3380,100,35,
10329,S12_3380,83.63,46,
10341,S12_3380,95.93,44,
10363,S12_3380,96.73,34,
10376,S12_3380,100,35,
10389,S12_3380,72.38,25,
10419,S12_3380,100,10,
10105,S12_3891,100,29,
10117,S12_3891,100,39,
10127,S12_3891,100,42,
10142,S12_3891,100,46,
10153,S12_3891,100,49,
10165,S12_3891,100,27,
10176,S12_3891,100,50,
10185,S12_3891,100,43,
10196,S12_3891,100,38,
10208,S12_3891,100,20,
10220,S12_3891,100,27,
10231,S12_3891,100,49,
10247,S12_3891,100,27,
10272,S12_3891,100,39,
10282,S12_3891,100,24,
10293,S12_3891,100,45,
10306,S12_3891,100,20,
10314,S12_3891,100,36,
10325,S12_3891,100,24,
10336,S12_3891,63.38,49,
10349,S12_3891,100,26,
10359,S12_3891,62.09,49,
10372,S12_3891,100,34,
10382,S12_3891,95.35,34,
10396,S12_3891,100,33,
10413,S12_3891,100,22,
10108,S12_3990,89.38,39,
10122,S12_3990,63.84,32,
10135,S12_3990,75.01,24,
10147,S12_3990,63.84,21,
10159,S12_3990,73.42,24,
10169,S12_3990,63.84,36,
10181,S12_3990,81.4,20,
10191,S12_3990,64.64,30,
10203,S12_3990,82.99,44,
10211,S12_3990,92.57,28,
10225,S12_3990,77.41,37,
10238,S12_3990,74.21,20,
10253,S12_3990,90.17,25,
10266,S12_3990,76.61,35,
10276,S12_3990,83.79,38,
10287,S12_3990,69.43,41,
10300,S12_3990,76.61,22,
10310,S12_3990,81.4,49,
10320,S12_3990,73.42,38,
10329,S12_3990,100,33,
10341,S12_3990,93.56,36,
10363,S12_3990,81.62,34,
10377,S12_3990,67.83,24,
10389,S12_3990,70.26,36,
10419,S12_3990,90.17,34,
10104,S12_4473,100,41,
10115,S12_4473,100,46,
10127,S12_4473,100,24,
10141,S12_4473,100,21,
10151,S12_4473,100,24,
10165,S12_4473,100,48,
10175,S12_4473,100,26,
10184,S12_4473,100,37,
10195,S12_4473,100,49,
10207,S12_4473,99.54,34,
10219,S12_4473,100,48,
10229,S12_4473,100,36,
10246,S12_4473,100,46,
10259,S12_4473,100,46,
10271,S12_4473,97.17,31,
10281,S12_4473,100,41,
10292,S12_4473,100,21,
10305,S12_4473,100,38,
10314,S12_4473,100,45,
10324,S12_4473,58.38,26,
10336,S12_4473,100,38,
10349,S12_4473,100,48,
10358,S12_4473,64.16,42,
10371,S12_4473,35.71,49,
10382,S12_4473,66.58,32,
10412,S12_4473,100,54,
10425,S12_4473,100,33,
10108,S12_4675,100,36,
10122,S12_4675,100,20,
10135,S12_4675,97.89,29,
10147,S12_4675,97.89,33,
10160,S12_4675,100,50,
10170,S12_4675,100,41,
10181,S12_4675,100,36,
10192,S12_4675,100,27,
10203,S12_4675,100,47,
10212,S12_4675,100,33,
10225,S12_4675,100,21,
10239,S12_4675,93.28,21,
10253,S12_4675,100,41,
10266,S12_4675,100,40,
10277,S12_4675,100,28,
10287,S12_4675,100,23,
10300,S12_4675,100,23,
10310,S12_4675,100,25,
10321,S12_4675,100,24,
10329,S12_4675,64.74,39,
10341,S12_4675,75.2,55,
10363,S12_4675,88.45,46,
10377,S12_4675,100,50,
10389,S12_4675,100,47,
10405,S12_4675,93.28,97,
10419,S12_4675,100,32,
10103,S18_1097,100,35,
10113,S18_1097,100,49,
10126,S18_1097,100,38,
10140,S18_1097,100,32,
10150,S18_1097,100,34,
10164,S18_1097,99.17,36,
10174,S18_1097,93.34,48,
10183,S18_1097,96.84,21,
10194,S18_1097,93.34,21,
10206,S18_1097,100,34,
10215,S18_1097,100,46,
10228,S18_1097,100,32,
10245,S18_1097,100,29,
10258,S18_1097,100,41,
10270,S18_1097,96.84,43,
10280,S18_1097,100,24,
10291,S18_1097,100,41,
10304,S18_1097,98,46,
10312,S18_1097,100,32,
10322,S18_1097,100,22,
10333,S18_1097,40.25,29,
10347,S18_1097,49.6,42,
10357,S18_1097,98,39,
10370,S18_1097,100,27,
10381,S18_1097,98,48,
10391,S18_1097,85.1,29,
10411,S18_1097,100,27,
10424,S18_1097,100,54,
10109,S18_1129,100,26,
10122,S18_1129,100,34,
10136,S18_1129,100,25,
10148,S18_1129,100,23,
10161,S18_1129,100,28,
10171,S18_1129,100,35,
10181,S18_1129,100,44,
10192,S18_1129,100,22,
10204,S18_1129,100,42,
10212,S18_1129,100,29,
10225,S18_1129,100,32,
10240,S18_1129,100,41,
10253,S18_1129,100,26,
10266,S18_1129,100,21,
10278,S18_1129,100,34,
10287,S18_1129,100,41,
10301,S18_1129,100,37,
10310,S18_1129,100,37,
10321,S18_1129,100,41,
10331,S18_1129,100,46,
10342,S18_1129,100,40,
10356,S18_1129,97.6,43,
10365,S18_1129,87.06,30,
10377,S18_1129,100,35,
10390,S18_1129,93.77,36,
10406,S18_1129,100,61,
10419,S18_1129,100,38,
10102,S18_1342,100,39,
10111,S18_1342,99.66,33,
10125,S18_1342,100,32,
10139,S18_1342,100,31,
10149,S18_1342,100,50,
10162,S18_1342,91.44,48,
10173,S18_1342,100,43,
10182,S18_1342,87.33,25,
10193,S18_1342,100,28,
10205,S18_1342,100,36,
10215,S18_1342,89.38,27,
10227,S18_1342,100,25,
10244,S18_1342,100,40,
10256,S18_1342,95.55,34,
10280,S18_1342,100,50,
10289,S18_1342,100,38,
10304,S18_1342,95.55,37,
10312,S18_1342,89.38,43,
10322,S18_1342,86.3,43,
10332,S18_1342,95.13,46,
10346,S18_1342,36.11,42,
10356,S18_1342,50.18,50,
10369,S18_1342,100,44,
10380,S18_1342,93.16,27,
10391,S18_1342,100,35,
10422,S18_1342,95.55,51,
10102,S18_1367,50.14,41,
10111,S18_1367,49.06,48,
10126,S18_1367,54.99,42,
10139,S18_1367,43.13,49,
10149,S18_1367,58.22,30,
10162,S18_1367,51.21,45,
10173,S18_1367,44.21,48,
10182,S18_1367,54.45,32,
10193,S18_1367,53.37,46,
10205,S18_1367,63.61,48,
10215,S18_1367,43.13,33,
10227,S18_1367,48.52,31,
10244,S18_1367,58.22,20,
10256,S18_1367,51.75,29,
10280,S18_1367,57.68,27,
10289,S18_1367,56.07,24,
10304,S18_1367,48.52,37,
10312,S18_1367,44.21,25,
10322,S18_1367,57.68,41,
10332,S18_1367,89.89,27,
10347,S18_1367,58.95,21,
10356,S18_1367,72.41,22,
10369,S18_1367,98.63,32,
10381,S18_1367,52.83,25,
10391,S18_1367,100,42,
10422,S18_1367,51.75,25,
10110,S18_1589,100,37,
10123,S18_1589,100,26,
10137,S18_1589,99.55,44,
10148,S18_1589,100,47,
10161,S18_1589,100,43,
10172,S18_1589,100,42,
10181,S18_1589,100,42,
10192,S18_1589,100,29,
10204,S18_1589,100,40,
10212,S18_1589,100,38,
10226,S18_1589,100,38,
10241,S18_1589,100,21,
10253,S18_1589,100,24,
10266,S18_1589,100,36,
10278,S18_1589,100,23,
10288,S18_1589,100,20,
10301,S18_1589,100,32,
10311,S18_1589,100,29,
10321,S18_1589,100,44,
10331,S18_1589,100,44,
10343,S18_1589,100,36,
10367,S18_1589,56.3,49,
10378,S18_1589,42.64,34,
10407,S18_1589,100,59,
10419,S18_1589,100,37,
10106,S18_1662,100,36,
10119,S18_1662,100,43,
10131,S18_1662,100,21,
10143,S18_1662,100,32,
10155,S18_1662,100,38,
10167,S18_1662,100,43,
10178,S18_1662,100,42,
10186,S18_1662,100,32,
10198,S18_1662,100,42,
10210,S18_1662,100,31,
10222,S18_1662,100,49,
10250,S18_1662,100,45,
10262,S18_1662,100,49,
10274,S18_1662,100,41,
10284,S18_1662,100,45,
10296,S18_1662,100,36,
10307,S18_1662,100,39,
10316,S18_1662,100,27,
10327,S18_1662,100,25,
10338,S18_1662,100,41,
10351,S18_1662,99.52,39,
10373,S18_1662,57.55,28,
10386,S18_1662,54.57,25,
10398,S18_1662,100,33,
10400,S18_1662,100,34,
10416,S18_1662,100,24,
10100,S18_1749,100,30,
10110,S18_1749,100,42,
10124,S18_1749,100,21,
10149,S18_1749,100,34,
10162,S18_1749,100,29,
10173,S18_1749,100,24,
10182,S18_1749,100,44,
10193,S18_1749,100,21,
10204,S18_1749,100,33,
10214,S18_1749,100,30,
10227,S18_1749,100,26,
10241,S18_1749,100,41,
10280,S18_1749,100,26,
10288,S18_1749,100,32,
10302,S18_1749,100,43,
10312,S18_1749,100,48,
10331,S18_1749,74.04,44,
10344,S18_1749,100,45,
10367,S18_1749,100,37,
10379,S18_1749,100,39,
10407,S18_1749,100,76,
10420,S18_1749,100,37,
10108,S18_1889,82.39,38,
10122,S18_1889,72.38,43,
10135,S18_1889,79.31,48,
10147,S18_1889,82.39,26,
10160,S18_1889,88.55,38,
10170,S18_1889,63.14,20,
10181,S18_1889,73.92,22,
10192,S18_1889,90.86,45,
10203,S18_1889,85.47,45,
10212,S18_1889,66.99,20,
10225,S18_1889,64.68,47,
10239,S18_1889,73.92,46,
10253,S18_1889,83.93,23,
10266,S18_1889,74.69,33,
10278,S18_1889,90.86,29,
10287,S18_1889,82.39,44,
10300,S18_1889,92.4,41,
10310,S18_1889,91.63,20,
10321,S18_1889,78.54,37,
10329,S18_1889,100,29,
10342,S18_1889,65.45,55,
10363,S18_1889,100,22,
10377,S18_1889,67.76,31,
10389,S18_1889,79.22,49,
10405,S18_1889,73.92,61,
10419,S18_1889,83.93,39,
10109,S18_1984,100,38,
10122,S18_1984,100,31,
10136,S18_1984,100,36,
10148,S18_1984,100,25,
10161,S18_1984,100,48,
10171,S18_1984,100,35,
10181,S18_1984,100,21,
10192,S18_1984,100,47,
10204,S18_1984,100,38,
10212,S18_1984,100,41,
10226,S18_1984,100,24,
10240,S18_1984,100,37,
10253,S18_1984,100,33,
10266,S18_1984,100,49,
10278,S18_1984,100,29,
10287,S18_1984,100,24,
10301,S18_1984,100,47,
10310,S18_1984,100,24,
10321,S18_1984,100,25,
10331,S18_1984,32.47,30,
10342,S18_1984,100,22,
10356,S18_1984,64.69,27,
10366,S18_1984,100,34,
10377,S18_1984,100,36,
10390,S18_1984,43.05,34,
10406,S18_1984,100,48,
10419,S18_1984,100,34,
10104,S18_2238,100,24,
10115,S18_2238,100,46,
10127,S18_2238,100,45,
10141,S18_2238,100,39,
10151,S18_2238,100,43,
10165,S18_2238,100,29,
10176,S18_2238,100,20,
10184,S18_2238,100,46,
10195,S18_2238,100,27,
10207,S18_2238,100,44,
10219,S18_2238,100,43,
10230,S18_2238,100,49,
10246,S18_2238,100,40,
10259,S18_2238,100,30,
10271,S18_2238,100,50,
10282,S18_2238,100,23,
10292,S18_2238,100,26,
10305,S18_2238,100,27,
10314,S18_2238,100,42,
10324,S18_2238,100,47,
10336,S18_2238,100,49,
10349,S18_2238,100,38,
10358,S18_2238,100,20,
10371,S18_2238,100,25,
10382,S18_2238,88,25,
10412,S18_2238,100,41,
10425,S18_2238,100,28,
10100,S18_2248,67.8,50,
10110,S18_2248,50.25,32,
10124,S18_2248,53.88,42,
10149,S18_2248,62.36,24,
10162,S18_2248,69.62,27,
10173,S18_2248,57.51,26,
10182,S18_2248,61.15,38,
10193,S18_2248,59.33,42,
10204,S18_2248,71.44,23,
10214,S18_2248,62.96,21,
10227,S18_2248,50.85,28,
10241,S18_2248,72.65,33,
10280,S18_2248,62.96,25,
10288,S18_2248,61.75,28,
10303,S18_2248,49.04,46,
10312,S18_2248,61.15,30,
10332,S18_2248,84.25,38,
10344,S18_2248,56.91,40,
10367,S18_2248,100,45,
10379,S18_2248,49.3,27,
10407,S18_2248,72.65,42,
10420,S18_2248,63.57,36,
10104,S18_2319,100,29,
10114,S18_2319,100,39,
10127,S18_2319,100,45,
10141,S18_2319,100,47,
10151,S18_2319,100,49,
10165,S18_2319,100,46,
10175,S18_2319,100,48,
10184,S18_2319,100,46,
10195,S18_2319,100,35,
10207,S18_2319,100,43,
10229,S18_2319,100,26,
10246,S18_2319,98.18,22,
10259,S18_2319,99.41,34,
10271,S18_2319,100,50,
10281,S18_2319,100,48,
10292,S18_2319,100,41,
10305,S18_2319,100,36,
10313,S18_2319,100,29,
10324,S18_2319,37.48,33,
10334,S18_2319,100,46,
10349,S18_2319,100,38,
10358,S18_2319,36.42,20,
10370,S18_2319,100,22,
10383,S18_2319,100,27,
10412,S18_2319,98.18,56,
10425,S18_2319,99.41,38,
10101,S18_2325,100,25,
10110,S18_2325,100,33,
10124,S18_2325,100,42,
10149,S18_2325,100,33,
10162,S18_2325,100,38,
10173,S18_2325,100,31,
10182,S18_2325,100,20,
10193,S18_2325,100,44,
10204,S18_2325,100,26,
10214,S18_2325,100,27,
10227,S18_2325,100,46,
10243,S18_2325,100,47,
10280,S18_2325,100,37,
10288,S18_2325,100,31,
10304,S18_2325,100,24,
10312,S18_2325,100,31,
10322,S18_2325,100,50,
10332,S18_2325,64.69,35,
10344,S18_2325,100,30,
10356,S18_2325,100,29,
10367,S18_2325,100,27,
10380,S18_2325,100,40,
10390,S18_2325,98.99,31,
10409,S18_2325,100,6,
10420,S18_2325,100,45,
10103,S18_2432,54.09,22,
10114,S18_2432,68.67,45,
10126,S18_2432,65.02,43,
10140,S18_2432,61.99,46,
10151,S18_2432,69.28,39,
10165,S18_2432,71.1,31,
10175,S18_2432,69.28,41,
10184,S18_2432,60.16,44,
10194,S18_2432,70.49,45,
10207,S18_2432,69.89,37,
10217,S18_2432,61.38,35,
10229,S18_2432,59.55,28,
10246,S18_2432,61.99,30,
10259,S18_2432,49.22,30,
10271,S18_2432,69.28,25,
10281,S18_2432,57.73,29,
10291,S18_2432,57.73,26,
10305,S18_2432,53.48,41,
10313,S18_2432,52.87,34,
10322,S18_2432,61.21,35,
10334,S18_2432,61.38,34,
10347,S18_2432,100,50,
10357,S18_2432,61.99,41,
10370,S18_2432,96.86,22,
10381,S18_2432,48.62,35,
10391,S18_2432,38.5,44,
10412,S18_2432,61.99,47,
10425,S18_2432,49.22,19,
10106,S18_2581,90.39,34,
10120,S18_2581,71.81,29,
10133,S18_2581,69.27,49,
10145,S18_2581,85.32,30,
10168,S18_2581,70.96,21,
10210,S18_2581,76.88,50,
10223,S18_2581,100,47,
10235,S18_2581,76.03,24,
10250,S18_2581,98.84,27,
10263,S18_2581,86.17,33,
10275,S18_2581,90.39,35,
10284,S18_2581,71.81,31,
10297,S18_2581,82.79,25,
10308,S18_2581,82.79,27,
10318,S18_2581,100,31,
10327,S18_2581,100,45,
10339,S18_2581,100,27,
10353,S18_2581,100,27,
10374,S18_2581,69.27,42,
10386,S18_2581,74.77,21,
10398,S18_2581,76.88,34,
10401,S18_2581,76.03,42,
10416,S18_2581,98.84,15,
10107,S18_2625,70.87,29,
10120,S18_2625,58.15,46,
10134,S18_2625,61.78,30,
10145,S18_2625,49.67,30,
10159,S18_2625,51.48,42,
10168,S18_2625,61.18,46,
10180,S18_2625,64.2,25,
10188,S18_2625,65.42,32,
10201,S18_2625,64.81,30,
10210,S18_2625,49.67,40,
10223,S18_2625,60.57,28,
10236,S18_2625,55.72,23,
10251,S18_2625,61.18,29,
10263,S18_2625,58.75,34,
10275,S18_2625,63.6,37,
10285,S18_2625,49.06,20,
10298,S18_2625,48.46,32,
10308,S18_2625,52.09,34,
10318,S18_2625,52.7,42,
10329,S18_2625,100,38,
10339,S18_2625,62.16,30,
10362,S18_2625,49.67,23,
10374,S18_2625,53.3,22,
10389,S18_2625,100,39,
10402,S18_2625,55.72,55,
10417,S18_2625,61.18,36,
10101,S18_2795,100,26,
10110,S18_2795,100,31,
10125,S18_2795,100,34,
10139,S18_2795,100,41,
10149,S18_2795,100,23,
10162,S18_2795,100,48,
10173,S18_2795,100,22,
10182,S18_2795,100,21,
10193,S18_2795,100,22,
10205,S18_2795,100,40,
10214,S18_2795,100,50,
10227,S18_2795,100,29,
10244,S18_2795,100,43,
10255,S18_2795,100,24,
10280,S18_2795,100,22,
10289,S18_2795,100,43,
10304,S18_2795,100,20,
10312,S18_2795,100,25,
10322,S18_2795,100,36,
10332,S18_2795,52.67,24,
10347,S18_2795,100,21,
10356,S18_2795,100,30,
10367,S18_2795,94.79,32,
10380,S18_2795,47.18,21,
10390,S18_2795,78.11,26,
10421,S18_2795,100,35,
10109,S18_2870,100,26,
10123,S18_2870,100,46,
10137,S18_2870,100,37,
10148,S18_2870,100,27,
10161,S18_2870,100,23,
10172,S18_2870,100,39,
10181,S18_2870,100,27,
10192,S18_2870,100,38,
10204,S18_2870,100,27,
10212,S18_2870,100,40,
10226,S18_2870,100,24,
10241,S18_2870,100,44,
10253,S18_2870,100,37,
10266,S18_2870,100,20,
10278,S18_2870,100,39,
10287,S18_2870,100,44,
10301,S18_2870,100,22,
10311,S18_2870,100,43,
10321,S18_2870,100,27,
10331,S18_2870,64.9,26,
10343,S18_2870,52.32,25,
10366,S18_2870,100,49,
10379,S18_2870,100,29,
10407,S18_2870,100,41,
10419,S18_2870,100,55,
10103,S18_2949,83.07,27,
10112,S18_2949,100,23,
10126,S18_2949,90.17,31,
10139,S18_2949,100,46,
10150,S18_2949,91.18,47,
10163,S18_2949,100,31,
10174,S18_2949,100,46,
10183,S18_2949,89.15,37,
10193,S18_2949,93.21,28,
10206,S18_2949,90.17,37,
10215,S18_2949,100,49,
10228,S18_2949,100,24,
10244,S18_2949,100,30,
10257,S18_2949,88.14,50,
10270,S18_2949,96.24,31,
10280,S18_2949,100,46,
10291,S18_2949,100,47,
10304,S18_2949,100,46,
10312,S18_2949,100,37,
10322,S18_2949,100,33,
10333,S18_2949,90.17,31,
10347,S18_2949,100,48,
10357,S18_2949,87.13,41,
10369,S18_2949,100,42,
10381,S18_2949,100,41,
10391,S18_2949,45.25,32,
10423,S18_2949,88.14,10,
10103,S18_2957,57.46,35,
10111,S18_2957,64.33,28,
10126,S18_2957,73.7,46,
10139,S18_2957,71.2,20,
10150,S18_2957,49.97,30,
10163,S18_2957,69.96,48,
10173,S18_2957,53.72,28,
10183,S18_2957,68.08,39,
10193,S18_2957,51.84,24,
10206,S18_2957,67.46,28,
10215,S18_2957,58.71,31,
10228,S18_2957,63.71,45,
10244,S18_2957,58.09,24,
10257,S18_2957,53.72,49,
10269,S18_2957,63.08,32,
10280,S18_2957,68.71,43,
10291,S18_2957,50.59,37,
10304,S18_2957,64.96,24,
10312,S18_2957,53.72,35,
10322,S18_2957,29.87,41,
10332,S18_2957,100,26,
10347,S18_2957,64.96,34,
10357,S18_2957,70.58,49,
10369,S18_2957,44.21,28,
10381,S18_2957,68.08,40,
10392,S18_2957,59.96,37,
10423,S18_2957,53.72,31,
10106,S18_3029,83.44,41,
10119,S18_3029,89.46,21,
10130,S18_3029,96.34,40,
10143,S18_3029,74.84,46,
10155,S18_3029,79.14,44,
10167,S18_3029,73.12,46,
10178,S18_3029,81.72,41,
10186,S18_3029,89.46,32,
10197,S18_3029,87.74,46,
10209,S18_3029,100,28,
10222,S18_3029,94.62,49,
10248,S18_3029,73.98,21,
10262,S18_3029,84.3,32,
10273,S18_3029,98.06,34,
10283,S18_3029,98.06,21,
10296,S18_3029,96.34,21,
10307,S18_3029,83.44,31,
10316,S18_3029,94.62,21,
10327,S18_3029,45.86,25,
10338,S18_3029,82.58,28,
10350,S18_3029,64.97,43,
10373,S18_3029,86.74,22,
10386,S18_3029,93.01,37,
10398,S18_3029,72.26,28,
10400,S18_3029,74.84,30,
10414,S18_3029,73.98,44,
10103,S18_3136,100,25,
10111,S18_3136,100,43,
10126,S18_3136,97.39,30,
10139,S18_3136,90.06,20,
10150,S18_3136,100,26,
10163,S18_3136,100,40,
10173,S18_3136,89.01,31,
10183,S18_3136,100,22,
10193,S18_3136,100,23,
10206,S18_3136,100,30,
10215,S18_3136,100,49,
10228,S18_3136,100,31,
10244,S18_3136,100,29,
10257,S18_3136,84.82,37,
10270,S18_3136,100,38,
10280,S18_3136,100,29,
10291,S18_3136,100,23,
10304,S18_3136,85.87,26,
10312,S18_3136,100,38,
10322,S18_3136,47.04,48,
10332,S18_3136,39.8,40,
10347,S18_3136,100,45,
10357,S18_3136,100,44,
10369,S18_3136,94.22,21,
10381,S18_3136,100,35,
10392,S18_3136,86.92,29,
10423,S18_3136,84.82,21,
10105,S18_3140,100,22,
10117,S18_3140,100,26,
10128,S18_3140,100,41,
10142,S18_3140,100,47,
10153,S18_3140,100,31,
10166,S18_3140,100,43,
10177,S18_3140,100,23,
10185,S18_3140,100,28,
10196,S18_3140,100,49,
10208,S18_3140,100,24,
10221,S18_3140,100,33,
10232,S18_3140,100,22,
10248,S18_3140,100,32,
10273,S18_3140,100,40,
10282,S18_3140,100,43,
10293,S18_3140,100,24,
10306,S18_3140,100,32,
10314,S18_3140,100,20,
10325,S18_3140,69.12,24,
10336,S18_3140,100,48,
10350,S18_3140,100,44,
10372,S18_3140,100,28,
10383,S18_3140,61.52,24,
10396,S18_3140,100,33,
10414,S18_3140,100,41,
10104,S18_3232,100,23,
10109,S18_3232,100,46,
10114,S18_3232,100,48,
10122,S18_3232,100,25,
10127,S18_3232,100,22,
10136,S18_3232,100,41,
10141,S18_3232,100,34,
10148,S18_3232,100,32,
10151,S18_3232,100,21,
10160,S18_3232,100,20,
10165,S18_3232,100,47,
10171,S18_3232,100,39,
10175,S18_3232,100,29,
10181,S18_3232,100,45,
10184,S18_3232,100,28,
10192,S18_3232,100,26,
10195,S18_3232,100,50,
10203,S18_3232,100,48,
10207,S18_3232,100,25,
10212,S18_3232,100,40,
10225,S18_3232,100,43,
10229,S18_3232,100,22,
10239,S18_3232,100,47,
10246,S18_3232,100,36,
10253,S18_3232,100,40,
10259,S18_3232,100,27,
10266,S18_3232,100,29,
10271,S18_3232,100,20,
10278,S18_3232,100,42,
10281,S18_3232,100,25,
10287,S18_3232,100,36,
10292,S18_3232,100,21,
10301,S18_3232,100,23,
10305,S18_3232,100,37,
10310,S18_3232,100,48,
10313,S18_3232,100,25,
10321,S18_3232,100,33,
10324,S18_3232,100,27,
10331,S18_3232,100,27,
10334,S18_3232,100,20,
10342,S18_3232,100,30,
10349,S18_3232,100,48,
10358,S18_3232,93.49,32,
10366,S18_3232,100,34,
10370,S18_3232,56.85,27,
10377,S18_3232,100,39,
10383,S18_3232,100,47,
10394,S18_3232,100,22,
10405,S18_3232,100,55,
10412,S18_3232,100,60,
10419,S18_3232,100,35,
10425,S18_3232,100,28,
10105,S18_3259,100,38,
10117,S18_3259,95.8,21,
10128,S18_3259,100,41,
10142,S18_3259,97.81,22,
10153,S18_3259,88.74,29,
10165,S18_3259,100,50,
10177,S18_3259,100,29,
10185,S18_3259,80.67,49,
10196,S18_3259,100,35,
10208,S18_3259,100,48,
10221,S18_3259,80.67,23,
10232,S18_3259,95.8,48,
10248,S18_3259,100,42,
10273,S18_3259,100,47,
10282,S18_3259,100,36,
10293,S18_3259,100,22,
10306,S18_3259,91.76,40,
10314,S18_3259,100,23,
10326,S18_3259,100,32,
10336,S18_3259,100,21,
10350,S18_3259,93.04,41,
10372,S18_3259,84.71,25,
10383,S18_3259,100,26,
10396,S18_3259,89.75,24,
10414,S18_3259,100,48,
10108,S18_3278,68.35,26,
10122,S18_3278,73.17,21,
10135,S18_3278,78,45,
10147,S18_3278,86.04,36,
10159,S18_3278,81.21,21,
10169,S18_3278,70.76,32,
10181,S18_3278,82.82,30,
10191,S18_3278,94.88,36,
10203,S18_3278,86.04,33,
10211,S18_3278,78,35,
10225,S18_3278,95.69,37,
10238,S18_3278,73.17,41,
10252,S18_3278,76.39,20,
10265,S18_3278,86.84,45,
10276,S18_3278,69.96,38,
10287,S18_3278,70.76,43,
10300,S18_3278,78.8,49,
10310,S18_3278,80.41,27,
10319,S18_3278,73.98,46,
10329,S18_3278,59.1,38,
10342,S18_3278,66.74,25,
10363,S18_3278,60.3,46,
10378,S18_3278,100,22,
10390,S18_3278,100,40,
10103,S18_3320,100,46,
10111,S18_3320,100,39,
10126,S18_3320,82.34,38,
10139,S18_3320,100,30,
10149,S18_3320,94.25,42,
10163,S18_3320,100,43,
10173,S18_3320,95.24,29,
10182,S18_3320,86.31,33,
10193,S18_3320,79.37,32,
10206,S18_3320,87.3,28,
10215,S18_3320,100,41,
10227,S18_3320,100,33,
10244,S18_3320,84.33,36,
10257,S18_3320,89.29,26,
10280,S18_3320,100,34,
10290,S18_3320,96.23,26,
10304,S18_3320,100,38,
10312,S18_3320,100,33,
10323,S18_3320,91.27,33,
10333,S18_3320,100,46,
10347,S18_3320,100,26,
10357,S18_3320,100,25,
10369,S18_3320,73.08,45,
10382,S18_3320,100,50,
10392,S18_3320,100,36,
10423,S18_3320,89.29,21,
10108,S18_3482,100,29,
10122,S18_3482,100,21,
10135,S18_3482,100,42,
10147,S18_3482,100,37,
10159,S18_3482,100,25,
10169,S18_3482,100,36,
10181,S18_3482,100,22,
10191,S18_3482,100,23,
10203,S18_3482,100,32,
10211,S18_3482,100,28,
10225,S18_3482,100,27,
10238,S18_3482,100,49,
10252,S18_3482,100,41,
10265,S18_3482,100,49,
10276,S18_3482,100,30,
10287,S18_3482,100,40,
10300,S18_3482,100,23,
10310,S18_3482,100,49,
10320,S18_3482,100,25,
10330,S18_3482,100,37,
10342,S18_3482,100,55,
10355,S18_3482,100,23,
10363,S18_3482,100,24,
10378,S18_3482,96.49,43,
10390,S18_3482,100,50,
10109,S18_3685,100,47,
10123,S18_3685,100,34,
10137,S18_3685,100,31,
10148,S18_3685,100,28,
10161,S18_3685,100,36,
10172,S18_3685,100,48,
10181,S18_3685,100,39,
10192,S18_3685,100,45,
10204,S18_3685,100,35,
10212,S18_3685,100,45,
10226,S18_3685,100,46,
10240,S18_3685,100,37,
10253,S18_3685,100,31,
10266,S18_3685,100,33,
10278,S18_3685,100,31,
10287,S18_3685,100,27,
10301,S18_3685,100,39,
10311,S18_3685,100,32,
10321,S18_3685,100,28,
10331,S18_3685,67.91,26,
10343,S18_3685,84.88,44,
10367,S18_3685,100,46,
10379,S18_3685,70.83,32,
10406,S18_3685,100,65,
10419,S18_3685,100,43,
10108,S18_3782,67.77,43,
10122,S18_3782,49.74,35,
10135,S18_3782,50.36,45,
10146,S18_3782,67.14,47,
10159,S18_3782,64.66,21,
10169,S18_3782,68.39,38,
10180,S18_3782,50.36,21,
10191,S18_3782,72.74,43,
10211,S18_3782,54.09,46,
10224,S18_3782,58.44,38,
10237,S18_3782,52.22,26,
10252,S18_3782,52.84,31,
10264,S18_3782,54.71,48,
10276,S18_3782,50.36,33,
10286,S18_3782,57.2,38,
10299,S18_3782,55.95,39,
10310,S18_3782,67.14,42,
10319,S18_3782,59.06,44,
10330,S18_3782,69.63,29,
10342,S18_3782,55.95,26,
10355,S18_3782,53.47,31,
10363,S18_3782,89.12,32,
10378,S18_3782,100,28,
10390,S18_3782,100,36,
10403,S18_3782,52.22,36,
10106,S18_3856,100,41,
10119,S18_3856,99.52,27,
10130,S18_3856,100,33,
10143,S18_3856,100,34,
10155,S18_3856,100,29,
10167,S18_3856,100,34,
10178,S18_3856,100,48,
10186,S18_3856,100,46,
10197,S18_3856,100,22,
10209,S18_3856,100,20,
10222,S18_3856,85.75,45,
10249,S18_3856,100,46,
10262,S18_3856,100,34,
10273,S18_3856,85.75,50,
10283,S18_3856,100,46,
10296,S18_3856,84.7,22,
10307,S18_3856,86.81,48,
10316,S18_3856,86.81,47,
10328,S18_3856,100,34,
10338,S18_3856,100,45,
10351,S18_3856,100,20,
10373,S18_3856,60.49,50,
10386,S18_3856,57.55,22,
10398,S18_3856,100,45,
10400,S18_3856,100,58,
10415,S18_3856,100,51,
10104,S18_4027,100,38,
10117,S18_4027,100,22,
10127,S18_4027,100,25,
10142,S18_4027,100,24,
10152,S18_4027,100,35,
10165,S18_4027,100,28,
10176,S18_4027,100,36,
10185,S18_4027,100,39,
10196,S18_4027,100,27,
10207,S18_4027,100,40,
10220,S18_4027,100,50,
10230,S18_4027,100,42,
10247,S18_4027,100,48,
10272,S18_4027,100,25,
10282,S18_4027,100,31,
10292,S18_4027,100,44,
10306,S18_4027,100,23,
10314,S18_4027,100,29,
10324,S18_4027,100,49,
10337,S18_4027,100,36,
10349,S18_4027,100,34,
10358,S18_4027,100,25,
10372,S18_4027,100,48,
10383,S18_4027,100,38,
10394,S18_4027,100,37,
10413,S18_4027,100,49,
10100,S18_4409,86.51,22,
10110,S18_4409,89.27,28,
10124,S18_4409,85.59,36,
10148,S18_4409,100,34,
10162,S18_4409,100,39,
10173,S18_4409,75.46,21,
10182,S18_4409,100,36,
10193,S18_4409,97.55,24,
10204,S18_4409,85.59,29,
10213,S18_4409,94.79,38,
10227,S18_4409,100,34,
10241,S18_4409,90.19,42,
10280,S18_4409,100,35,
10288,S18_4409,80.99,35,
10302,S18_4409,89.27,38,
10311,S18_4409,81.91,41,
10332,S18_4409,100,50,
10344,S18_4409,100,21,
10367,S18_4409,62.72,43,
10380,S18_4409,100,32,
10407,S18_4409,90.19,6,
10420,S18_4409,92.95,66,
10105,S18_4522,82.5,41,
10117,S18_4522,97.42,23,
10128,S18_4522,92.16,43,
10142,S18_4522,70.22,24,
10153,S18_4522,83.38,22,
10166,S18_4522,73.73,26,
10177,S18_4522,74.6,35,
10185,S18_4522,77.24,47,
10197,S18_4522,100,50,
10208,S18_4522,87.77,45,
10221,S18_4522,89.53,39,
10232,S18_4522,89.53,23,
10248,S18_4522,75.48,42,
10261,S18_4522,89.53,20,
10273,S18_4522,71.09,33,
10283,S18_4522,100,34,
10293,S18_4522,100,49,
10306,S18_4522,90.4,39,
10315,S18_4522,100,36,
10326,S18_4522,86.01,50,
10337,S18_4522,100,29,
10350,S18_4522,100,30,
10372,S18_4522,86.89,41,
10383,S18_4522,58.58,28,
10396,S18_4522,100,45,
10414,S18_4522,75.48,16,
10103,S18_4600,100,36,
10114,S18_4600,100,41,
10126,S18_4600,100,50,
10140,S18_4600,100,40,
10150,S18_4600,100,49,
10164,S18_4600,100,45,
10175,S18_4600,100,47,
10183,S18_4600,100,21,
10194,S18_4600,100,32,
10207,S18_4600,100,47,
10217,S18_4600,100,38,
10229,S18_4600,100,41,
10245,S18_4600,100,21,
10259,S18_4600,100,41,
10270,S18_4600,100,38,
10281,S18_4600,99.29,25,
10291,S18_4600,100,48,
10305,S18_4600,99.29,22,
10313,S18_4600,100,28,
10323,S18_4600,100,47,
10334,S18_4600,100,49,
10347,S18_4600,100,45,
10357,S18_4600,100,28,
10370,S18_4600,57.53,29,
10382,S18_4600,100,39,
10411,S18_4600,100,46,
10425,S18_4600,100,38,
10103,S18_4668,47.29,41,
10113,S18_4668,49.81,50,
10126,S18_4668,53.83,43,
10140,S18_4668,43.27,29,
10150,S18_4668,42.76,30,
10164,S18_4668,53.83,25,
10174,S18_4668,44.78,49,
10183,S18_4668,49.3,40,
10194,S18_4668,44.78,41,
10206,S18_4668,53.33,21,
10215,S18_4668,45.28,46,
10229,S18_4668,40.25,39,
10245,S18_4668,59.87,45,
10258,S18_4668,59.87,21,
10270,S18_4668,58.36,44,
10281,S18_4668,59.87,44,
10291,S18_4668,51.82,29,
10304,S18_4668,49.3,34,
10312,S18_4668,56.85,39,
10324,S18_4668,100,38,
10333,S18_4668,79.86,24,
10348,S18_4668,100,29,
10358,S18_4668,100,30,
10370,S18_4668,100,20,
10382,S18_4668,100,39,
10411,S18_4668,59.87,35,
10424,S18_4668,59.87,26,
10108,S18_4721,100,44,
10122,S18_4721,100,28,
10135,S18_4721,100,31,
10146,S18_4721,100,29,
10159,S18_4721,100,32,
10169,S18_4721,100,33,
10180,S18_4721,100,44,
10191,S18_4721,100,32,
10211,S18_4721,100,41,
10225,S18_4721,100,35,
10238,S18_4721,100,44,
10252,S18_4721,100,26,
10264,S18_4721,100,20,
10276,S18_4721,100,48,
10287,S18_4721,100,34,
10299,S18_4721,100,49,
10310,S18_4721,100,40,
10319,S18_4721,100,45,
10330,S18_4721,100,50,
10342,S18_4721,100,38,
10355,S18_4721,100,25,
10363,S18_4721,58.18,28,
10378,S18_4721,67.14,49,
10390,S18_4721,100,49,
10110,S18_4933,61.29,42,
10124,S18_4933,57.73,23,
10148,S18_4933,81.25,29,
10161,S18_4933,80.54,25,
10173,S18_4933,71.98,39,
10182,S18_4933,69.84,44,
10193,S18_4933,76.26,25,
10204,S18_4933,76.26,45,
10213,S18_4933,83.39,25,
10227,S18_4933,57.73,37,
10241,S18_4933,66.99,30,
10267,S18_4933,75.55,36,
10279,S18_4933,60.58,26,
10288,S18_4933,73.41,23,
10302,S18_4933,72.7,23,
10311,S18_4933,66.99,25,
10332,S18_4933,100,21,
10344,S18_4933,63.43,26,
10367,S18_4933,85.25,44,
10380,S18_4933,100,24,
10407,S18_4933,66.99,66,
10420,S18_4933,57.73,36,
10110,S24_1046,85.25,36,
10124,S24_1046,77.9,22,
10148,S24_1046,60.26,25,
10161,S24_1046,72.76,37,
10172,S24_1046,75.69,32,
10182,S24_1046,74.22,47,
10192,S24_1046,69.82,37,
10204,S24_1046,62.47,20,
10212,S24_1046,82.31,41,
10226,S24_1046,60.26,21,
10241,S24_1046,76.43,22,
10267,S24_1046,80.1,40,
10279,S24_1046,74.96,32,
10288,S24_1046,66.14,36,
10301,S24_1046,72.02,27,
10311,S24_1046,87.45,26,
10321,S24_1046,70.55,30,
10332,S24_1046,56.84,23,
10344,S24_1046,59.53,29,
10367,S24_1046,60.37,21,
10380,S24_1046,100,34,
10407,S24_1046,76.43,26,
10420,S24_1046,64.67,60,
10104,S24_1444,55.49,35,
10115,S24_1444,69.36,47,
10127,S24_1444,60.69,20,
10141,S24_1444,54.33,20,
10152,S24_1444,65.31,25,
10165,S24_1444,69.36,25,
10176,S24_1444,68.78,27,
10184,S24_1444,60.11,31,
10195,S24_1444,66.47,44,
10207,S24_1444,46.82,49,
10220,S24_1444,56.07,26,
10230,S24_1444,54.33,36,
10246,S24_1444,52.6,44,
10259,S24_1444,46.82,28,
10271,S24_1444,64.74,45,
10282,S24_1444,46.82,29,
10292,S24_1444,53.75,40,
10305,S24_1444,61.85,45,
10314,S24_1444,53.18,44,
10324,S24_1444,69.16,25,
10336,S24_1444,100,45,
10349,S24_1444,47.4,48,
10358,S24_1444,60.76,44,
10371,S24_1444,97.27,25,
10383,S24_1444,91.76,22,
10394,S24_1444,50.29,31,
10412,S24_1444,52.6,21,
10425,S24_1444,46.82,55,
10107,S24_1578,100,25,
10120,S24_1578,98.05,35,
10134,S24_1578,93.54,35,
10145,S24_1578,95.8,43,
10159,S24_1578,100,44,
10168,S24_1578,100,50,
10180,S24_1578,100,48,
10188,S24_1578,100,25,
10201,S24_1578,100,39,
10211,S24_1578,90.16,25,
10223,S24_1578,91.29,32,
10237,S24_1578,100,20,
10251,S24_1578,100,26,
10263,S24_1578,100,42,
10275,S24_1578,100,21,
10285,S24_1578,100,34,
10299,S24_1578,100,47,
10309,S24_1578,100,21,
10318,S24_1578,100,48,
10329,S24_1578,87.78,30,
10339,S24_1578,84.39,27,
10362,S24_1578,96.92,50,
10374,S24_1578,100,38,
10389,S24_1578,100,45,
10403,S24_1578,100,46,
10417,S24_1578,100,35,
10110,S24_1628,59.37,29,
10123,S24_1628,59.87,50,
10137,S24_1628,49.81,26,
10148,S24_1628,56.85,47,
10161,S24_1628,53.33,23,
10172,S24_1628,42.76,34,
10181,S24_1628,53.83,34,
10192,S24_1628,53.83,47,
10204,S24_1628,49.81,45,
10212,S24_1628,53.33,45,
10226,S24_1628,43.27,36,
10241,S24_1628,40.25,21,
10266,S24_1628,48.3,28,
10278,S24_1628,45.28,35,
10288,S24_1628,52.32,50,
10301,S24_1628,51.32,22,
10311,S24_1628,49.3,45,
10321,S24_1628,42.26,48,
10332,S24_1628,87.96,20,
10343,S24_1628,36.21,27,
10367,S24_1628,38.5,38,
10379,S24_1628,100,32,
10407,S24_1628,40.25,64,
10420,S24_1628,60.37,37,
10106,S24_1785,88.63,28,
10120,S24_1785,100,39,
10133,S24_1785,94.1,41,
10145,S24_1785,87.54,40,
10168,S24_1785,100,49,
10210,S24_1785,98.48,27,
10223,S24_1785,100,34,
10235,S24_1785,96.29,23,
10250,S24_1785,88.63,31,
10262,S24_1785,97.38,34,
10275,S24_1785,95.2,25,
10284,S24_1785,100,22,
10297,S24_1785,100,32,
10308,S24_1785,100,31,
10316,S24_1785,100,25,
10328,S24_1785,87.54,47,
10339,S24_1785,50.65,21,
10353,S24_1785,71.73,28,
10374,S24_1785,94.1,46,
10386,S24_1785,41.71,33,
10398,S24_1785,100,43,
10401,S24_1785,96.29,38,
10416,S24_1785,88.63,47,
10101,S24_1937,31.2,45,
10110,S24_1937,35.51,20,
10124,S24_1937,37.84,45,
10149,S24_1937,33.19,36,
10162,S24_1937,27.22,37,
10173,S24_1937,31.53,31,
10182,S24_1937,36.84,39,
10193,S24_1937,29.21,26,
10205,S24_1937,37.17,32,
10214,S24_1937,34.19,20,
10227,S24_1937,29.21,42,
10243,S24_1937,29.54,33,
10280,S24_1937,28.88,20,
10288,S24_1937,38.17,29,
10304,S24_1937,30.2,23,
10312,S24_1937,29.54,39,
10322,S24_1937,100,20,
10332,S24_1937,81.91,45,
10344,S24_1937,35.18,20,
10356,S24_1937,100,48,
10367,S24_1937,36.29,23,
10380,S24_1937,70.56,32,
10391,S24_1937,100,33,
10409,S24_1937,29.54,61,
10420,S24_1937,26.88,45,
10107,S24_2000,83.03,38,
10120,S24_2000,83.79,34,
10134,S24_2000,83.03,43,
10145,S24_2000,83.03,47,
10158,S24_2000,67.03,22,
10168,S24_2000,75.41,29,
10180,S24_2000,68.55,28,
10188,S24_2000,91.4,40,
10201,S24_2000,73.88,25,
10210,S24_2000,61.7,30,
10223,S24_2000,69.31,38,
10236,S24_2000,87.6,36,
10250,S24_2000,87.6,32,
10263,S24_2000,62.46,37,
10275,S24_2000,79.98,30,
10285,S24_2000,70.08,39,
10297,S24_2000,65.51,32,
10308,S24_2000,63.22,47,
10318,S24_2000,86.83,26,
10329,S24_2000,94.43,37,
10340,S24_2000,79.98,55,
10363,S24_2000,100,21,
10375,S24_2000,100,23,
10389,S24_2000,81.4,49,
10402,S24_2000,87.6,59,
10416,S24_2000,87.6,32,
10105,S24_2011,100,43,
10117,S24_2011,100,41,
10129,S24_2011,100,45,
10142,S24_2011,100,33,
10153,S24_2011,100,40,
10167,S24_2011,100,33,
10177,S24_2011,100,50,
10185,S24_2011,100,30,
10197,S24_2011,100,41,
10208,S24_2011,100,35,
10221,S24_2011,100,49,
10232,S24_2011,100,46,
10248,S24_2011,100,48,
10261,S24_2011,100,36,
10273,S24_2011,100,22,
10283,S24_2011,100,42,
10293,S24_2011,100,21,
10306,S24_2011,100,29,
10315,S24_2011,100,35,
10326,S24_2011,100,41,
10337,S24_2011,71.97,29,
10350,S24_2011,50.33,34,
10372,S24_2011,100,37,
10384,S24_2011,80.54,28,
10396,S24_2011,100,49,
10414,S24_2011,100,23,
10101,S24_2022,53.76,46,
10110,S24_2022,44.35,39,
10124,S24_2022,45.25,22,
10149,S24_2022,49.28,49,
10162,S24_2022,36.29,43,
10173,S24_2022,41.22,27,
10182,S24_2022,36.74,31,
10193,S24_2022,50.62,20,
10205,S24_2022,38.08,24,
10214,S24_2022,47.94,49,
10227,S24_2022,48.38,24,
10244,S24_2022,45.25,39,
10255,S24_2022,45.7,37,
10280,S24_2022,47.49,45,
10289,S24_2022,48.38,45,
10304,S24_2022,39.42,44,
10312,S24_2022,37.63,23,
10322,S24_2022,100,30,
10332,S24_2022,85.52,26,
10345,S24_2022,53.76,43,
10356,S24_2022,31.86,26,
10367,S24_2022,30.59,28,
10380,S24_2022,68.35,27,
10391,S24_2022,100,24,
10421,S24_2022,45.7,40,
10103,S24_2300,100,36,
10114,S24_2300,100,21,
10126,S24_2300,100,27,
10140,S24_2300,100,47,
10151,S24_2300,100,42,
10165,S24_2300,100,32,
10175,S24_2300,100,28,
10184,S24_2300,100,24,
10194,S24_2300,100,49,
10207,S24_2300,100,46,
10217,S24_2300,100,28,
10229,S24_2300,100,48,
10246,S24_2300,100,29,
10259,S24_2300,100,47,
10271,S24_2300,100,43,
10281,S24_2300,100,25,
10291,S24_2300,100,48,
10305,S24_2300,100,24,
10313,S24_2300,100,42,
10324,S24_2300,100,31,
10334,S24_2300,100,42,
10348,S24_2300,100,37,
10358,S24_2300,100,41,
10371,S24_2300,100,20,
10382,S24_2300,100,20,
10412,S24_2300,100,70,
10425,S24_2300,100,49,
10108,S24_2360,58.87,35,
10121,S24_2360,76.88,32,
10135,S24_2360,61.64,29,
10145,S24_2360,60.95,27,
10159,S24_2360,80.34,27,
10169,S24_2360,74.11,38,
10180,S24_2360,72.03,35,
10190,S24_2360,76.19,42,
10211,S24_2360,63.72,21,
10224,S24_2360,80.34,37,
10237,S24_2360,79.65,26,
10252,S24_2360,65.8,47,
10264,S24_2360,65.1,37,
10276,S24_2360,75.49,46,
10285,S24_2360,59.56,38,
10299,S24_2360,66.49,33,
10309,S24_2360,56.1,24,
10319,S24_2360,81.73,31,
10330,S24_2360,81.03,42,
10341,S24_2360,100,32,
10355,S24_2360,70.65,41,
10363,S24_2360,61.23,43,
10375,S24_2360,100,20,
10390,S24_2360,65.13,35,
10403,S24_2360,79.65,27,
10110,S24_2766,78.15,43,
10124,S24_2766,72.7,32,
10148,S24_2766,73.6,21,
10161,S24_2766,100,20,
10172,S24_2766,74.51,22,
10182,S24_2766,73.6,36,
10192,S24_2766,83.6,46,
10204,S24_2766,96.32,47,
10212,S24_2766,88.14,45,
10227,S24_2766,88.14,47,
10241,S24_2766,94.5,47,
10267,S24_2766,87.24,38,
10279,S24_2766,79.97,49,
10288,S24_2766,80.87,35,
10302,S24_2766,100,49,
10311,S24_2766,93.6,28,
10321,S24_2766,72.7,30,
10332,S24_2766,86.72,39,
10346,S24_2766,100,25,
10368,S24_2766,100,40,
10380,S24_2766,37.5,36,
10407,S24_2766,94.5,76,
10420,S24_2766,100,39,
10104,S24_2840,39.6,44,
10114,S24_2840,30.06,24,
10127,S24_2840,38.19,39,
10141,S24_2840,42.43,21,
10151,S24_2840,40.31,30,
10165,S24_2840,31.82,27,
10175,S24_2840,31.12,37,
10184,S24_2840,31.82,42,
10195,S24_2840,28.29,32,
10207,S24_2840,29.7,42,
10219,S24_2840,40.31,21,
10229,S24_2840,32.88,33,
10246,S24_2840,36.07,49,
10259,S24_2840,33.24,31,
10271,S24_2840,41.72,38,
10281,S24_2840,40.66,20,
10292,S24_2840,30.06,39,
10305,S24_2840,31.47,48,
10314,S24_2840,37.13,39,
10324,S24_2840,100,30,
10335,S24_2840,37.13,33,
10349,S24_2840,37.13,36,
10358,S24_2840,82.94,36,
10371,S24_2840,100,45,
10383,S24_2840,100,40,
10394,S24_2840,38.9,46,
10412,S24_2840,36.07,30,
10425,S24_2840,33.24,31,
10106,S24_2841,74.68,49,
10119,S24_2841,59.6,41,
10131,S24_2841,67.14,35,
10143,S24_2841,60.97,27,
10155,S24_2841,72.62,23,
10167,S24_2841,69.88,21,
10178,S24_2841,80.84,34,
10186,S24_2841,69.2,22,
10198,S24_2841,67.82,48,
10209,S24_2841,82.21,43,
10222,S24_2841,81.53,32,
10249,S24_2841,67.82,20,
10262,S24_2841,67.14,24,
10274,S24_2841,65.08,40,
10284,S24_2841,73.99,30,
10296,S24_2841,71.25,21,
10307,S24_2841,75.36,25,
10316,S24_2841,63.71,34,
10328,S24_2841,58.92,48,
10339,S24_2841,100,55,
10351,S24_2841,74.68,25,
10373,S24_2841,70.44,38,
10386,S24_2841,55.96,39,
10398,S24_2841,57.55,28,
10400,S24_2841,61.66,24,
10415,S24_2841,67.82,21,
10110,S24_2887,100,46,
10124,S24_2887,93.95,25,
10148,S24_2887,100,34,
10161,S24_2887,100,25,
10173,S24_2887,100,23,
10182,S24_2887,100,20,
10192,S24_2887,100,23,
10204,S24_2887,100,42,
10213,S24_2887,100,27,
10227,S24_2887,100,33,
10241,S24_2887,98.65,28,
10267,S24_2887,100,43,
10279,S24_2887,100,48,
10288,S24_2887,100,48,
10302,S24_2887,100,45,
10311,S24_2887,100,43,
10332,S24_2887,42.26,44,
10346,S24_2887,87.24,24,
10368,S24_2887,100,31,
10380,S24_2887,36.29,44,
10407,S24_2887,98.65,59,
10420,S24_2887,96.3,55,
10109,S24_2972,32.1,29,
10122,S24_2972,30.96,39,
10135,S24_2972,35.87,20,
10147,S24_2972,42.67,25,
10160,S24_2972,37,42,
10171,S24_2972,35.49,36,
10181,S24_2972,42.67,37,
10192,S24_2972,30.59,30,
10203,S24_2972,37,21,
10212,S24_2972,43.42,34,
10225,S24_2972,36.63,42,
10239,S24_2972,44.56,20,
10253,S24_2972,42.67,40,
10266,S24_2972,40.4,34,
10278,S24_2972,38.89,31,
10287,S24_2972,39.65,36,
10301,S24_2972,34.36,48,
10310,S24_2972,41.91,33,
10321,S24_2972,33.23,37,
10331,S24_2972,42.24,27,
10342,S24_2972,40.4,39,
10355,S24_2972,38.52,36,
10367,S24_2972,100,36,
10378,S24_2972,100,41,
10390,S24_2972,100,37,
10405,S24_2972,44.56,47,
10419,S24_2972,42.67,15,
10105,S24_3151,72.58,44,
10119,S24_3151,87.62,35,
10129,S24_3151,94.71,41,
10142,S24_3151,98.25,49,
10154,S24_3151,91.17,31,
10167,S24_3151,79.66,20,
10177,S24_3151,72.58,45,
10185,S24_3151,74.35,33,
10197,S24_3151,83.2,47,
10208,S24_3151,89.4,20,
10222,S24_3151,70.81,47,
10233,S24_3151,94.71,40,
10248,S24_3151,100,30,
10261,S24_3151,91.17,22,
10273,S24_3151,100,27,
10283,S24_3151,92.94,34,
10295,S24_3151,84.97,46,
10306,S24_3151,84.08,31,
10315,S24_3151,86.74,24,
10326,S24_3151,85.85,41,
10339,S24_3151,100,55,
10350,S24_3151,100,30,
10373,S24_3151,57.32,33,
10384,S24_3151,97.87,43,
10396,S24_3151,83.2,27,
10414,S24_3151,100,60,
10110,S24_3191,73.62,27,
10124,S24_3191,83.04,49,
10148,S24_3191,73.62,31,
10161,S24_3191,77.05,20,
10172,S24_3191,81.33,24,
10182,S24_3191,94.17,33,
10192,S24_3191,72.77,32,
10204,S24_3191,79.62,40,
10212,S24_3191,79.62,27,
10227,S24_3191,79.62,40,
10241,S24_3191,81.33,26,
10267,S24_3191,96.74,44,
10279,S24_3191,71.06,33,
10288,S24_3191,68.49,34,
10302,S24_3191,74.48,48,
10311,S24_3191,83.04,25,
10321,S24_3191,84.75,39,
10332,S24_3191,34.19,45,
10346,S24_3191,100,24,
10368,S24_3191,79.62,46,
10380,S24_3191,79.06,44,
10407,S24_3191,81.33,13,
10420,S24_3191,96.74,35,
10108,S24_3371,63.07,30,
10122,S24_3371,50.21,34,
10135,S24_3371,66.13,27,
10147,S24_3371,68.58,30,
10159,S24_3371,69.8,50,
10169,S24_3371,50.21,34,
10181,S24_3371,65.52,23,
10191,S24_3371,60.01,48,
10203,S24_3371,64.9,34,
10211,S24_3371,48.98,48,
10225,S24_3371,50.21,24,
10238,S24_3371,62.45,47,
10253,S24_3371,52.66,24,
10266,S24_3371,62.45,47,
10276,S24_3371,61.23,20,
10287,S24_3371,67.97,20,
10300,S24_3371,58.78,31,
10310,S24_3371,56.94,38,
10320,S24_3371,61.23,26,
10331,S24_3371,100,25,
10342,S24_3371,62.45,48,
10355,S24_3371,62.45,44,
10363,S24_3371,100,21,
10378,S24_3371,41.54,46,
10390,S24_3371,52.84,46,
10419,S24_3371,52.66,55,
10106,S24_3420,52.6,31,
10119,S24_3420,72.98,20,
10131,S24_3420,59.18,29,
10143,S24_3420,77.59,33,
10155,S24_3420,55.89,34,
10167,S24_3420,63.12,32,
10178,S24_3420,73.64,27,
10186,S24_3420,69.04,21,
10198,S24_3420,71.67,27,
10209,S24_3420,77.59,36,
10222,S24_3420,70.35,43,
10249,S24_3420,69.7,25,
10262,S24_3420,70.35,46,
10274,S24_3420,72.33,24,
10284,S24_3420,71.67,39,
10296,S24_3420,53.92,31,
10307,S24_3420,71.67,22,
10316,S24_3420,76.93,47,
10328,S24_3420,72.98,20,
10339,S24_3420,99.69,29,
10351,S24_3420,68.38,38,
10361,S24_3420,100,34,
10373,S24_3420,66,46,
10386,S24_3420,63.76,35,
10398,S24_3420,71.67,34,
10400,S24_3420,57.2,38,
10415,S24_3420,69.7,18,
10110,S24_3432,100,37,
10124,S24_3432,100,43,
10148,S24_3432,100,27,
10161,S24_3432,100,30,
10172,S24_3432,98.51,22,
10182,S24_3432,100,49,
10192,S24_3432,100,46,
10204,S24_3432,91.02,48,
10212,S24_3432,87.81,46,
10226,S24_3432,92.09,48,
10241,S24_3432,86.73,27,
10267,S24_3432,100,43,
10279,S24_3432,100,48,
10288,S24_3432,100,41,
10301,S24_3432,96.37,22,
10311,S24_3432,92.09,46,
10321,S24_3432,89.95,21,
10332,S24_3432,37.18,31,
10346,S24_3432,95.88,26,
10368,S24_3432,99.58,20,
10380,S24_3432,100,34,
10407,S24_3432,86.73,43,
10420,S24_3432,100,26,
10105,S24_3816,79.67,50,
10119,S24_3816,90.57,35,
10129,S24_3816,77.99,50,
10143,S24_3816,80.51,23,
10155,S24_3816,67.93,37,
10167,S24_3816,83.86,29,
10178,S24_3816,72.12,21,
10186,S24_3816,85.54,36,
10197,S24_3816,86.38,22,
10209,S24_3816,89.73,22,
10222,S24_3816,80.51,46,
10248,S24_3816,76.31,23,
10262,S24_3816,87.21,49,
10273,S24_3816,83.02,48,
10283,S24_3816,72.96,33,
10296,S24_3816,77.15,22,
10307,S24_3816,91.41,22,
10316,S24_3816,92.25,25,
10326,S24_3816,92.25,20,
10339,S24_3816,59.36,42,
10350,S24_3816,60.34,25,
10373,S24_3816,100,23,
10385,S24_3816,85.54,37,
10396,S24_3816,90.57,37,
10400,S24_3816,72.96,42,
10414,S24_3816,76.31,51,
10108,S24_3856,100,40,
10122,S24_3856,100,43,
10135,S24_3856,100,47,
10147,S24_3856,100,23,
10160,S24_3856,100,35,
10170,S24_3856,100,34,
10181,S24_3856,100,25,
10192,S24_3856,100,45,
10203,S24_3856,100,47,
10212,S24_3856,100,49,
10225,S24_3856,100,40,
10239,S24_3856,100,29,
10253,S24_3856,100,39,
10266,S24_3856,100,24,
10278,S24_3856,100,25,
10287,S24_3856,100,36,
10301,S24_3856,100,50,
10310,S24_3856,100,45,
10321,S24_3856,100,26,
10331,S24_3856,100,21,
10342,S24_3856,100,42,
10355,S24_3856,100,32,
10363,S24_3856,94.58,31,
10378,S24_3856,53.27,33,
10390,S24_3856,100,45,
10405,S24_3856,100,76,
10419,S24_3856,100,70,
10106,S24_3949,64.83,50,
10119,S24_3949,70.29,28,
10131,S24_3949,81.89,50,
10143,S24_3949,66.19,28,
10155,S24_3949,77.11,44,
10168,S24_3949,73.02,27,
10178,S24_3949,72.33,30,
10198,S24_3949,66.19,43,
10210,S24_3949,69.6,29,
10222,S24_3949,56.64,48,
10235,S24_3949,60.05,33,
10250,S24_3949,75.06,40,
10262,S24_3949,61.42,48,
10275,S24_3949,81.89,41,
10284,S24_3949,55.96,21,
10296,S24_3949,71.65,32,
10308,S24_3949,76.43,43,
10316,S24_3949,77.79,30,
10328,S24_3949,76.43,35,
10339,S24_3949,96.92,45,
10351,S24_3949,59.37,34,
10361,S24_3949,100,26,
10373,S24_3949,73,39,
10386,S24_3949,73.32,41,
10398,S24_3949,68.24,41,
10401,S24_3949,60.05,64,
10416,S24_3949,75.06,18,
10100,S24_3969,34.47,49,
10110,S24_3969,34.47,48,
10124,S24_3969,33.23,46,
10149,S24_3969,38.98,26,
10162,S24_3969,38.98,37,
10173,S24_3969,33.23,35,
10182,S24_3969,42.26,23,
10193,S24_3969,41.03,22,
10204,S24_3969,33.23,39,
10214,S24_3969,34.88,44,
10227,S24_3969,43.9,27,
10242,S24_3969,36.93,46,
10280,S24_3969,41.85,33,
10288,S24_3969,40.62,33,
10303,S24_3969,40.21,24,
10312,S24_3969,35.29,31,
10332,S24_3969,77.24,41,
10346,S24_3969,97.44,22,
10368,S24_3969,37.34,46,
10380,S24_3969,95.03,43,
10408,S24_3969,36.93,15,
10420,S24_3969,43.49,15,
10104,S24_4048,100,26,
10115,S24_4048,100,44,
10127,S24_4048,96.99,20,
10141,S24_4048,94.62,40,
10152,S24_4048,100,23,
10165,S24_4048,99.36,24,
10176,S24_4048,100,29,
10184,S24_4048,100,49,
10195,S24_4048,100,34,
10207,S24_4048,100,28,
10220,S24_4048,100,37,
10230,S24_4048,100,45,
10246,S24_4048,100,46,
10271,S24_4048,100,22,
10282,S24_4048,100,39,
10292,S24_4048,100,27,
10305,S24_4048,100,36,
10314,S24_4048,100,38,
10325,S24_4048,100,44,
10336,S24_4048,100,31,
10349,S24_4048,100,23,
10359,S24_4048,100,22,
10371,S24_4048,50.32,28,
10383,S24_4048,93.91,21,
10394,S24_4048,100,37,
10412,S24_4048,100,31,
10103,S24_4258,100,25,
10111,S24_4258,86.68,26,
10126,S24_4258,100,34,
10139,S24_4258,100,29,
10149,S24_4258,90.57,20,
10163,S24_4258,91.55,42,
10173,S24_4258,100,22,
10183,S24_4258,100,47,
10193,S24_4258,100,20,
10206,S24_4258,97.39,33,
10215,S24_4258,90.57,39,
10228,S24_4258,100,33,
10244,S24_4258,86.68,40,
10257,S24_4258,78.89,46,
10269,S24_4258,97.39,48,
10280,S24_4258,78.89,21,
10290,S24_4258,100,45,
10304,S24_4258,100,33,
10312,S24_4258,100,44,
10324,S24_4258,100,33,
10333,S24_4258,100,39,
10348,S24_4258,50.31,39,
10358,S24_4258,100,41,
10369,S24_4258,86.92,40,
10382,S24_4258,100,33,
10423,S24_4258,78.89,28,
10106,S24_4278,63.76,26,
10120,S24_4278,85.49,29,
10133,S24_4278,77.52,46,
10145,S24_4278,84.77,33,
10168,S24_4278,78.25,48,
10210,S24_4278,71,40,
10223,S24_4278,74.62,23,
10235,S24_4278,81.14,40,
10250,S24_4278,74.62,37,
10263,S24_4278,75.35,24,
10275,S24_4278,62.31,27,
10284,S24_4278,71,21,
10297,S24_4278,72.45,23,
10308,S24_4278,83.32,44,
10317,S24_4278,83.32,35,
10328,S24_4278,60.86,43,
10340,S24_4278,84.77,40,
10353,S24_4278,89.9,35,
10361,S24_4278,62.46,25,
10375,S24_4278,100,43,
10386,S24_4278,63.34,50,
10398,S24_4278,78.25,45,
10401,S24_4278,81.14,52,
10416,S24_4278,74.62,48,
10108,S24_4620,68.71,31,
10122,S24_4620,71.14,29,
10135,S24_4620,87.31,23,
10147,S24_4620,64.67,31,
10159,S24_4620,67.1,23,
10169,S24_4620,94.58,24,
10180,S24_4620,71.14,28,
10191,S24_4620,66.29,44,
10211,S24_4620,92.16,22,
10225,S24_4620,70.33,46,
10238,S24_4620,93.77,22,
10252,S24_4620,87.31,38,
10264,S24_4620,83.27,47,
10276,S24_4620,75.18,48,
10287,S24_4620,88.12,40,
10299,S24_4620,80.84,32,
10310,S24_4620,97.01,49,
10319,S24_4620,85.69,43,
10331,S24_4620,100,41,
10343,S24_4620,100,30,
10355,S24_4620,95.39,28,
10363,S24_4620,100,43,
10378,S24_4620,100,41,
10390,S24_4620,82.42,30,
10103,S32_1268,100,31,
10114,S32_1268,100,32,
10126,S32_1268,96.31,43,
10140,S32_1268,100,26,
10151,S32_1268,100,27,
10164,S32_1268,100,24,
10175,S32_1268,100,22,
10184,S32_1268,100,46,
10194,S32_1268,97.27,37,
10207,S32_1268,80.9,49,
10217,S32_1268,100,21,
10229,S32_1268,100,25,
10245,S32_1268,100,37,
10259,S32_1268,86.68,45,
10270,S32_1268,85.72,32,
10281,S32_1268,82.83,29,
10291,S32_1268,83.79,26,
10305,S32_1268,100,28,
10313,S32_1268,87.64,27,
10324,S32_1268,98.18,20,
10335,S32_1268,100,44,
10348,S32_1268,100,42,
10358,S32_1268,100,41,
10371,S32_1268,100,26,
10382,S32_1268,100,26,
10411,S32_1268,100,26,
10425,S32_1268,86.68,41,
10107,S32_1374,92.9,20,
10120,S32_1374,100,22,
10133,S32_1374,100,23,
10145,S32_1374,93.9,33,
10168,S32_1374,100,28,
10188,S32_1374,98.89,44,
10210,S32_1374,79.91,46,
10223,S32_1374,100,21,
10235,S32_1374,100,41,
10250,S32_1374,100,31,
10263,S32_1374,79.91,31,
10275,S32_1374,81.91,23,
10285,S32_1374,98.89,37,
10297,S32_1374,100,26,
10308,S32_1374,79.91,24,
10318,S32_1374,100,47,
10329,S32_1374,63.91,45,
10340,S32_1374,100,55,
10353,S32_1374,81.17,46,
10363,S32_1374,100,50,
10375,S32_1374,100,37,
10387,S32_1374,94.9,44,
10401,S32_1374,100,49,
10416,S32_1374,100,45,
10108,S32_2206,43.45,27,
10122,S32_2206,44.66,31,
10135,S32_2206,40.23,33,
10145,S32_2206,35.8,31,
10159,S32_2206,35.4,35,
10169,S32_2206,39.83,26,
10180,S32_2206,45.46,34,
10190,S32_2206,32.99,46,
10211,S32_2206,42.24,41,
10224,S32_2206,39.43,43,
10237,S32_2206,40.23,26,
10252,S32_2206,48.28,36,
10264,S32_2206,32.59,20,
10276,S32_2206,36.61,27,
10285,S32_2206,41.03,37,
10299,S32_2206,42.24,24,
10310,S32_2206,43.05,36,
10319,S32_2206,38.22,29,
10331,S32_2206,100,28,
10343,S32_2206,100,29,
10355,S32_2206,39.83,38,
10364,S32_2206,48.28,48,
10378,S32_2206,82.46,40,
10390,S32_2206,44.56,41,
10403,S32_2206,40.23,30,
10104,S32_2509,47.62,35,
10114,S32_2509,55.73,28,
10127,S32_2509,51.95,45,
10141,S32_2509,45.99,24,
10151,S32_2509,63.85,41,
10165,S32_2509,45.99,48,
10175,S32_2509,63.31,50,
10184,S32_2509,62.77,33,
10195,S32_2509,43.29,32,
10207,S32_2509,60.06,27,
10219,S32_2509,55.19,35,
10229,S32_2509,54.11,23,
10246,S32_2509,48.7,35,
10259,S32_2509,43.83,40,
10271,S32_2509,47.62,35,
10281,S32_2509,55.19,31,
10292,S32_2509,46.53,50,
10305,S32_2509,57.9,40,
10313,S32_2509,45.45,38,
10325,S32_2509,100,38,
10335,S32_2509,60.6,40,
10349,S32_2509,46.53,33,
10359,S32_2509,100,36,
10371,S32_2509,66.47,20,
10383,S32_2509,53.18,32,
10394,S32_2509,62.77,36,
10412,S32_2509,48.7,19,
10425,S32_2509,43.83,11,
10104,S32_3207,65.87,49,
10116,S32_3207,63.38,27,
10127,S32_3207,70.84,29,
10142,S32_3207,74.57,42,
10152,S32_3207,50.95,33,
10165,S32_3207,53.44,44,
10176,S32_3207,64,22,
10184,S32_3207,50.95,48,
10195,S32_3207,54.68,33,
10207,S32_3207,56.55,45,
10220,S32_3207,52.82,20,
10230,S32_3207,60.9,46,
10247,S32_3207,49.71,40,
10272,S32_3207,64.63,45,
10282,S32_3207,59.65,36,
10292,S32_3207,67.73,31,
10306,S32_3207,50.33,46,
10314,S32_3207,66.49,35,
10325,S32_3207,100,28,
10336,S32_3207,84.71,31,
10350,S32_3207,100,27,
10359,S32_3207,100,22,
10371,S32_3207,99.55,30,
10383,S32_3207,36.07,44,
10394,S32_3207,60.28,30,
10413,S32_3207,49.71,24,
10103,S32_3522,75.63,45,
10113,S32_3522,68.52,23,
10126,S32_3522,62.7,26,
10140,S32_3522,60.76,28,
10150,S32_3522,58.18,49,
10164,S32_3522,54.94,49,
10175,S32_3522,74.98,29,
10183,S32_3522,64.64,49,
10194,S32_3522,54.94,39,
10206,S32_3522,58.82,36,
10217,S32_3522,62.05,39,
10229,S32_3522,73.04,30,
10245,S32_3522,69.16,44,
10258,S32_3522,61.41,20,
10270,S32_3522,63.35,21,
10281,S32_3522,77.57,36,
10291,S32_3522,71.75,32,
10304,S32_3522,73.04,36,
10313,S32_3522,56.24,34,
10324,S32_3522,100,48,
10333,S32_3522,73.69,33,
10348,S32_3522,100,31,
10358,S32_3522,100,36,
10370,S32_3522,100,25,
10382,S32_3522,100,48,
10411,S32_3522,69.16,27,
10424,S32_3522,61.41,44,
10106,S32_4289,72.92,33,
10120,S32_4289,72.23,29,
10133,S32_4289,57.1,49,
10144,S32_4289,81.86,20,
10168,S32_4289,73.61,31,
10210,S32_4289,59.16,39,
10223,S32_4289,66.04,20,
10235,S32_4289,77.73,34,
10250,S32_4289,61.22,50,
10262,S32_4289,79.11,40,
10275,S32_4289,63.97,28,
10284,S32_4289,81.86,50,
10297,S32_4289,79.8,28,
10308,S32_4289,66.04,46,
10316,S32_4289,59.16,24,
10328,S32_4289,81.17,24,
10340,S32_4289,59.16,39,
10353,S32_4289,44.51,40,
10361,S32_4289,72.33,49,
10375,S32_4289,82.26,44,
10388,S32_4289,100,35,
10398,S32_4289,67.41,22,
10401,S32_4289,77.73,62,
10416,S32_4289,61.22,26,
10108,S32_4485,100,31,
10121,S32_4485,86.74,25,
10135,S32_4485,89.8,30,
10145,S32_4485,100,27,
10159,S32_4485,100,23,
10169,S32_4485,100,34,
10180,S32_4485,100,22,
10190,S32_4485,85.72,42,
10211,S32_4485,100,37,
10224,S32_4485,100,30,
10237,S32_4485,100,27,
10252,S32_4485,100,25,
10264,S32_4485,97.97,34,
10276,S32_4485,100,38,
10285,S32_4485,100,26,
10299,S32_4485,100,38,
10309,S32_4485,84.7,50,
10319,S32_4485,100,22,
10331,S32_4485,100,32,
10341,S32_4485,71.02,31,
10355,S32_4485,100,40,
10365,S32_4485,100,22,
10375,S32_4485,100,41,
10390,S32_4485,48.98,45,
10403,S32_4485,100,45,
10106,S50_1341,40.15,39,
10120,S50_1341,50.62,49,
10133,S50_1341,50.19,27,
10143,S50_1341,36.66,34,
10156,S50_1341,41.02,20,
10168,S50_1341,51.93,48,
10199,S50_1341,38.4,29,
10210,S50_1341,41.02,43,
10223,S50_1341,46.26,41,
10235,S50_1341,35.35,41,
10250,S50_1341,51.93,36,
10262,S50_1341,37.97,49,
10275,S50_1341,45.39,38,
10284,S50_1341,51.93,33,
10296,S50_1341,48.44,26,
10308,S50_1341,43.64,47,
10316,S50_1341,47.57,34,
10328,S50_1341,51.93,34,
10340,S50_1341,50.62,40,
10353,S50_1341,82.21,40,
10361,S50_1341,82.59,33,
10375,S50_1341,65.8,49,
10388,S50_1341,100,27,
10398,S50_1341,36.66,49,
10401,S50_1341,35.35,56,
10416,S50_1341,51.93,37,
10104,S50_1392,100,33,
10115,S50_1392,100,27,
10127,S50_1392,100,46,
10141,S50_1392,100,44,
10151,S50_1392,100,26,
10165,S50_1392,94.92,48,
10176,S50_1392,100,23,
10184,S50_1392,100,45,
10195,S50_1392,100,49,
10207,S50_1392,94.92,28,
10220,S50_1392,100,37,
10230,S50_1392,100,34,
10246,S50_1392,100,22,
10259,S50_1392,100,29,
10271,S50_1392,98.39,34,
10282,S50_1392,100,38,
10292,S50_1392,100,41,
10305,S50_1392,100,42,
10314,S50_1392,100,28,
10325,S50_1392,100,38,
10336,S50_1392,100,23,
10350,S50_1392,71.4,31,
10359,S50_1392,100,46,
10371,S50_1392,56.55,48,
10383,S50_1392,100,29,
10395,S50_1392,100,46,
10412,S50_1392,100,26,
10425,S50_1392,100,18,
10104,S50_1514,53.31,32,
10117,S50_1514,49.21,21,
10127,S50_1514,69.12,46,
10142,S50_1514,49.79,42,
10153,S50_1514,57.41,31,
10165,S50_1514,66.78,38,
10176,S50_1514,64.44,38,
10185,S50_1514,48.62,20,
10196,S50_1514,62.09,46,
10208,S50_1514,65.61,30,
10220,S50_1514,68.54,30,
10230,S50_1514,52.14,43,
10247,S50_1514,63.85,49,
10272,S50_1514,56.82,43,
10282,S50_1514,66.78,37,
10292,S50_1514,55.07,35,
10306,S50_1514,60.34,34,
10314,S50_1514,61.51,38,
10325,S50_1514,100,44,
10337,S50_1514,100,21,
10350,S50_1514,100,44,
10359,S50_1514,64.93,25,
10372,S50_1514,58.58,24,
10383,S50_1514,60.06,38,
10395,S50_1514,100,45,
10413,S50_1514,63.85,51,
10108,S50_4713,82.99,34,
10121,S50_4713,74.85,44,
10135,S50_4713,96,44,
10145,S50_4713,81.36,38,
10159,S50_4713,71.6,31,
10169,S50_4713,80.55,48,
10180,S50_4713,93.56,21,
10190,S50_4713,66.72,40,
10211,S50_4713,80.55,40,
10224,S50_4713,77.29,50,
10237,S50_4713,68.34,20,
10252,S50_4713,72.41,48,
10264,S50_4713,89.5,47,
10276,S50_4713,70.78,21,
10285,S50_4713,78.92,39,
10299,S50_4713,80.55,44,
10309,S50_4713,88.68,28,
10319,S50_4713,77.29,45,
10331,S50_4713,100,20,
10341,S50_4713,100,38,
10356,S50_4713,100,26,
10365,S50_4713,100,44,
10375,S50_4713,100,49,
10390,S50_4713,100,22,
10403,S50_4713,68.34,31,
10105,S700_1138,70.67,41,
10119,S700_1138,76.67,25,
10129,S700_1138,60,31,
10142,S700_1138,64,41,
10153,S700_1138,64.67,43,
10167,S700_1138,75.34,43,
10177,S700_1138,76,24,
10185,S700_1138,54,21,
10197,S700_1138,64.67,23,
10208,S700_1138,74.67,38,
10222,S700_1138,62.67,31,
10233,S700_1138,70.67,36,
10248,S700_1138,71.34,36,
10261,S700_1138,62,34,
10273,S700_1138,65.34,21,
10283,S700_1138,78.67,45,
10295,S700_1138,75.34,26,
10306,S700_1138,54,50,
10315,S700_1138,62,41,
10326,S700_1138,60,39,
10339,S700_1138,100,22,
10350,S700_1138,76.67,46,
10373,S700_1138,100,44,
10385,S700_1138,77.34,25,
10396,S700_1138,66.67,39,
10414,S700_1138,71.34,37,
10106,S700_1691,100,31,
10120,S700_1691,82.21,47,
10133,S700_1691,77.64,24,
10143,S700_1691,100,36,
10156,S700_1691,100,48,
10168,S700_1691,98.65,28,
10199,S700_1691,83.12,48,
10210,S700_1691,78.55,21,
10223,S700_1691,100,25,
10235,S700_1691,100,25,
10250,S700_1691,91.34,31,
10262,S700_1691,84.03,40,
10275,S700_1691,89.51,32,
10284,S700_1691,83.12,24,
10296,S700_1691,100,42,
10308,S700_1691,100,21,
10316,S700_1691,82.21,34,
10328,S700_1691,100,27,
10340,S700_1691,88.6,30,
10353,S700_1691,100,39,
10361,S700_1691,60.54,20,
10375,S700_1691,81.87,37,
10388,S700_1691,100,46,
10398,S700_1691,87.69,47,
10401,S700_1691,100,11,
10416,S700_1691,91.34,23,
10105,S700_1938,70.15,29,
10117,S700_1938,79.68,38,
10128,S700_1938,97,32,
10142,S700_1938,84.01,43,
10153,S700_1938,87.48,31,
10166,S700_1938,100,29,
10177,S700_1938,88.34,31,
10185,S700_1938,94.4,30,
10196,S700_1938,94.4,50,
10208,S700_1938,80.55,40,
10221,S700_1938,97,23,
10232,S700_1938,88.34,26,
10248,S700_1938,100,40,
10273,S700_1938,100,21,
10282,S700_1938,86.61,43,
10293,S700_1938,71.89,29,
10306,S700_1938,91.81,38,
10314,S700_1938,76.22,23,
10327,S700_1938,100,20,
10337,S700_1938,70.3,36,
10350,S700_1938,100,28,
10372,S700_1938,100,44,
10384,S700_1938,100,49,
10397,S700_1938,80.55,32,
10414,S700_1938,100,34,
10106,S700_2047,100,30,
10119,S700_2047,94.14,29,
10131,S700_2047,85.99,22,
10143,S700_2047,100,26,
10155,S700_2047,91.43,32,
10167,S700_2047,100,29,
10178,S700_2047,96.86,34,
10186,S700_2047,99.57,24,
10197,S700_2047,90.52,24,
10209,S700_2047,88.71,33,
10222,S700_2047,100,26,
10249,S700_2047,95.95,40,
10262,S700_2047,94.14,44,
10274,S700_2047,90.52,24,
10283,S700_2047,94.14,20,
10296,S700_2047,100,34,
10307,S700_2047,97.76,34,
10316,S700_2047,93.24,45,
10328,S700_2047,100,41,
10339,S700_2047,71.25,55,
10352,S700_2047,100,23,
10361,S700_2047,45.39,24,
10373,S700_2047,84.41,32,
10386,S700_2047,85.76,29,
10398,S700_2047,100,36,
10400,S700_2047,87.8,46,
10415,S700_2047,95.95,32,
10106,S700_2466,100,34,
10120,S700_2466,100,24,
10131,S700_2466,100,40,
10143,S700_2466,82.77,26,
10155,S700_2466,100,20,
10168,S700_2466,100,31,
10178,S700_2466,87.75,22,
10198,S700_2466,100,42,
10210,S700_2466,99.72,26,
10222,S700_2466,87.75,37,
10235,S700_2466,88.75,38,
10250,S700_2466,100,35,
10262,S700_2466,90.75,33,
10275,S700_2466,100,39,
10284,S700_2466,100,45,
10296,S700_2466,100,24,
10308,S700_2466,88.75,35,
10316,S700_2466,100,23,
10328,S700_2466,100,37,
10340,S700_2466,87.75,55,
10352,S700_2466,100,49,
10361,S700_2466,100,26,
10375,S700_2466,100,33,
10386,S700_2466,83.84,37,
10398,S700_2466,86.76,22,
10401,S700_2466,88.75,85,
10416,S700_2466,100,22,
10105,S700_2610,65.77,31,
10119,S700_2610,65.77,38,
10129,S700_2610,85.29,45,
10143,S700_2610,85.29,31,
10154,S700_2610,64.33,36,
10167,S700_2610,70.11,46,
10177,S700_2610,76.62,32,
10185,S700_2610,57.82,39,
10197,S700_2610,78.79,50,
10208,S700_2610,74.45,46,
10222,S700_2610,80.95,36,
10233,S700_2610,82.4,29,
10248,S700_2610,75.89,32,
10261,S700_2610,68.67,44,
10273,S700_2610,62.16,42,
10283,S700_2610,65.77,47,
10295,S700_2610,58.55,44,
10306,S700_2610,75.17,43,
10316,S700_2610,74.45,48,
10327,S700_2610,96.31,21,
10339,S700_2610,74.35,50,
10350,S700_2610,75.35,29,
10373,S700_2610,70.33,41,
10386,S700_2610,100,37,
10397,S700_2610,66.5,22,
10414,S700_2610,75.89,31,
10103,S700_2824,100,42,
10114,S700_2824,100,42,
10126,S700_2824,100,45,
10140,S700_2824,100,36,
10150,S700_2824,100,20,
10164,S700_2824,81.93,39,
10175,S700_2824,85.98,42,
10183,S700_2824,86.99,23,
10194,S700_2824,89.01,26,
10206,S700_2824,100,33,
10217,S700_2824,88,31,
10229,S700_2824,100,50,
10245,S700_2824,100,44,
10258,S700_2824,80.92,45,
10270,S700_2824,88,46,
10281,S700_2824,85.98,27,
10291,S700_2824,100,28,
10304,S700_2824,100,40,
10313,S700_2824,99.13,30,
10324,S700_2824,100,34,
10336,S700_2824,100,46,
10348,S700_2824,82.83,32,
10358,S700_2824,100,27,
10371,S700_2824,100,34,
10382,S700_2824,54.84,34,
10411,S700_2824,100,34,
10424,S700_2824,80.92,46,
10106,S700_2834,100,32,
10120,S700_2834,100,24,
10133,S700_2834,99.67,27,
10145,S700_2834,100,20,
10168,S700_2834,100,36,
10188,S700_2834,100,29,
10210,S700_2834,100,25,
10223,S700_2834,100,29,
10235,S700_2834,96.11,25,
10250,S700_2834,100,44,
10263,S700_2834,100,47,
10275,S700_2834,100,48,
10285,S700_2834,100,45,
10297,S700_2834,100,35,
10308,S700_2834,100,31,
10318,S700_2834,100,50,
10328,S700_2834,100,33,
10340,S700_2834,100,29,
10353,S700_2834,68.8,48,
10361,S700_2834,72.42,44,
10375,S700_2834,66.73,25,
10388,S700_2834,100,50,
10398,S700_2834,100,23,
10401,S700_2834,96.11,21,
10416,S700_2834,100,41,
10106,S700_3167,74.4,44,
10120,S700_3167,76,43,
10143,S700_3167,96,28,
10155,S700_3167,86.4,43,
10168,S700_3167,96,48,
10199,S700_3167,82.4,38,
10210,S700_3167,86.4,31,
10223,S700_3167,67.2,26,
10235,S700_3167,92,32,
10250,S700_3167,67.2,44,
10262,S700_3167,76,27,
10275,S700_3167,73.6,43,
10284,S700_3167,69.6,25,
10296,S700_3167,80.8,22,
10308,S700_3167,87.2,21,
10316,S700_3167,75.2,48,
10328,S700_3167,64,33,
10341,S700_3167,100,34,
10353,S700_3167,81.95,43,
10361,S700_3167,100,44,
10375,S700_3167,100,44,
10386,S700_3167,94.34,32,
10398,S700_3167,65.6,29,
10401,S700_3167,92,77,
10416,S700_3167,67.2,39,
10105,S700_3505,81.14,39,
10118,S700_3505,100,36,
10129,S700_3505,91.15,42,
10142,S700_3505,100,21,
10153,S700_3505,88.15,50,
10167,S700_3505,100,24,
10177,S700_3505,92.16,44,
10185,S700_3505,100,37,
10197,S700_3505,92.16,27,
10208,S700_3505,100,37,
10222,S700_3505,100,38,
10232,S700_3505,96.16,48,
10248,S700_3505,100,30,
10261,S700_3505,88.15,25,
10273,S700_3505,86.15,40,
10283,S700_3505,88.15,22,
10295,S700_3505,100,34,
10306,S700_3505,90.15,32,
10315,S700_3505,86.15,31,
10327,S700_3505,80,43,
10337,S700_3505,89.38,31,
10350,S700_3505,77.34,31,
10373,S700_3505,96.34,34,
10386,S700_3505,92.08,45,
10397,S700_3505,100,48,
10414,S700_3505,100,28,
10105,S700_3962,100,22,
10117,S700_3962,83.42,45,
10129,S700_3962,85.41,30,
10142,S700_3962,85.41,38,
10153,S700_3962,100,20,
10167,S700_3962,100,28,
10177,S700_3962,100,24,
10185,S700_3962,79.45,22,
10197,S700_3962,93.35,35,
10208,S700_3962,85.41,33,
10222,S700_3962,95.34,31,
10232,S700_3962,82.43,35,
10248,S700_3962,90.37,35,
10261,S700_3962,81.43,50,
10273,S700_3962,100,26,
10283,S700_3962,89.38,38,
10294,S700_3962,100,45,
10306,S700_3962,100,30,
10315,S700_3962,91.37,37,
10327,S700_3962,86.61,37,
10337,S700_3962,71.89,36,
10350,S700_3962,100,25,
10373,S700_3962,100,37,
10386,S700_3962,95.48,30,
10397,S700_3962,100,36,
10414,S700_3962,90.37,27,
10106,S700_4002,61.44,48,
10119,S700_4002,59.22,26,
10131,S700_4002,85.13,26,
10143,S700_4002,85.87,34,
10155,S700_4002,85.87,44,
10168,S700_4002,82.91,39,
10178,S700_4002,76.25,45,
10198,S700_4002,63.67,40,
10210,S700_4002,70.33,42,
10222,S700_4002,74.03,43,
10235,S700_4002,72.55,34,
10250,S700_4002,62.19,38,
10262,S700_4002,71.07,35,
10275,S700_4002,72.55,31,
10284,S700_4002,64.41,32,
10296,S700_4002,86.62,47,
10308,S700_4002,68.11,39,
10316,S700_4002,62.19,44,
10328,S700_4002,85.87,39,
10339,S700_4002,57.86,50,
10352,S700_4002,75.51,22,
10361,S700_4002,100,35,
10373,S700_4002,55.62,45,
10386,S700_4002,86.4,44,
10398,S700_4002,87.36,36,
10401,S700_4002,72.55,28,
10416,S700_4002,62.19,43,
10106,S72_1253,52.64,48,
10119,S72_1253,48.17,28,
10131,S72_1253,41.71,21,
10143,S72_1253,50.65,37,
10155,S72_1253,49.16,34,
10167,S72_1253,41.71,40,
10178,S72_1253,51.15,45,
10186,S72_1253,52.14,28,
10197,S72_1253,41.71,29,
10209,S72_1253,44.69,48,
10222,S72_1253,45.69,31,
10249,S72_1253,57.61,32,
10262,S72_1253,57.11,21,
10274,S72_1253,58.6,32,
10283,S72_1253,57.61,43,
10296,S72_1253,45.19,21,
10307,S72_1253,53.63,34,
10316,S72_1253,43.7,34,
10329,S72_1253,86.13,44,
10339,S72_1253,76.31,27,
10352,S72_1253,52.64,49,
10361,S72_1253,95.2,23,
10373,S72_1253,64.97,25,
10386,S72_1253,87.15,50,
10398,S72_1253,40.22,34,
10400,S72_1253,56.12,20,
10415,S72_1253,57.61,42,
10105,S72_3212,56.78,25,
10117,S72_3212,43.68,50,
10129,S72_3212,64.97,32,
10142,S72_3212,44.23,39,
10153,S72_3212,60.06,50,
10167,S72_3212,48.59,38,
10177,S72_3212,50.23,40,
10185,S72_3212,64.43,28,
10197,S72_3212,50.23,42,
10208,S72_3212,63.88,42,
10222,S72_3212,63.34,36,
10232,S72_3212,49.69,24,
10248,S72_3212,65.52,23,
10261,S72_3212,50.78,29,
10273,S72_3212,45.86,37,
10283,S72_3212,51.32,33,
10293,S72_3212,60.06,32,
10306,S72_3212,59.51,35,
10315,S72_3212,55.69,40,
10327,S72_3212,86.74,37,
10337,S72_3212,97.16,42,
10350,S72_3212,100,20,
10373,S72_3212,100,29,
10386,S72_3212,100,43,
10397,S72_3212,62.24,34,
10414,S72_3212,65.52,47,
